[{"model": "wagtailimages.rendition", "pk": 9, "fields": {"filter_spec": "max-800x600", "file": "images/Bildschirmfoto_2019-11-03_um_19.39.58.max-800x600.png", "width": 663, "height": 148, "focal_point_key": "", "image": 3}}, {"model": "wagtailimages.rendition", "pk": 10, "fields": {"filter_spec": "width-800", "file": "images/Bildschirmfoto_2019-11-03_um_19.39.58.width-800.png", "width": 663, "height": 148, "focal_point_key": "", "image": 3}}, {"model": "wagtailcore.site", "pk": 2, "fields": {"hostname": "localhost", "port": 80, "site_name": null, "root_page": 3, "is_default_site": true}}, {"model": "wagtailcore.collection", "pk": 1, "fields": {"path": "0001", "depth": 1, "numchild": 0, "name": "Root"}}, {"model": "taggit.tag", "pk": 1, "fields": {"name": "uncategorised", "slug": "uncategorised"}}, {"model": "taggit.tag", "pk": 2, "fields": {"name": "events/conferences", "slug": "eventsconferences"}}, {"model": "taggit.tag", "pk": 3, "fields": {"name": "webdev", "slug": "webdev"}}, {"model": "contenttypes.contenttype", "pk": 1, "fields": {"app_label": "wagtailcore", "model": "page"}}, {"model": "contenttypes.contenttype", "pk": 2, "fields": {"app_label": "home", "model": "homepage"}}, {"model": "contenttypes.contenttype", "pk": 3, "fields": {"app_label": "wagtailadmin", "model": "admin"}}, {"model": "contenttypes.contenttype", "pk": 4, "fields": {"app_label": "wagtaildocs", "model": "document"}}, {"model": "contenttypes.contenttype", "pk": 5, "fields": {"app_label": "wagtailimages", "model": "image"}}, {"model": "contenttypes.contenttype", "pk": 6, "fields": {"app_label": "wagtailforms", "model": "formsubmission"}}, {"model": "contenttypes.contenttype", "pk": 7, "fields": {"app_label": "wagtailredirects", "model": "redirect"}}, {"model": "contenttypes.contenttype", "pk": 8, "fields": {"app_label": "wagtailembeds", "model": "embed"}}, {"model": "contenttypes.contenttype", "pk": 9, "fields": {"app_label": "wagtailusers", "model": "userprofile"}}, {"model": "contenttypes.contenttype", "pk": 10, "fields": {"app_label": "wagtailimages", "model": "rendition"}}, {"model": "contenttypes.contenttype", "pk": 11, "fields": {"app_label": "wagtailsearch", "model": "query"}}, {"model": "contenttypes.contenttype", "pk": 12, "fields": {"app_label": "wagtailsearch", "model": "querydailyhits"}}, {"model": "contenttypes.contenttype", "pk": 13, "fields": {"app_label": "wagtailcore", "model": "grouppagepermission"}}, {"model": "contenttypes.contenttype", "pk": 14, "fields": {"app_label": "wagtailcore", "model": "pagerevision"}}, {"model": "contenttypes.contenttype", "pk": 15, "fields": {"app_label": "wagtailcore", "model": "pageviewrestriction"}}, {"model": "contenttypes.contenttype", "pk": 16, "fields": {"app_label": "wagtailcore", "model": "site"}}, {"model": "contenttypes.contenttype", "pk": 17, "fields": {"app_label": "wagtailcore", "model": "collection"}}, {"model": "contenttypes.contenttype", "pk": 18, "fields": {"app_label": "wagtailcore", "model": "groupcollectionpermission"}}, {"model": "contenttypes.contenttype", "pk": 19, "fields": {"app_label": "wagtailcore", "model": "collectionviewrestriction"}}, {"model": "contenttypes.contenttype", "pk": 20, "fields": {"app_label": "taggit", "model": "tag"}}, {"model": "contenttypes.contenttype", "pk": 21, "fields": {"app_label": "taggit", "model": "taggeditem"}}, {"model": "contenttypes.contenttype", "pk": 22, "fields": {"app_label": "admin", "model": "logentry"}}, {"model": "contenttypes.contenttype", "pk": 23, "fields": {"app_label": "auth", "model": "permission"}}, {"model": "contenttypes.contenttype", "pk": 24, "fields": {"app_label": "auth", "model": "group"}}, {"model": "contenttypes.contenttype", "pk": 25, "fields": {"app_label": "auth", "model": "user"}}, {"model": "contenttypes.contenttype", "pk": 26, "fields": {"app_label": "contenttypes", "model": "contenttype"}}, {"model": "contenttypes.contenttype", "pk": 27, "fields": {"app_label": "sessions", "model": "session"}}, {"model": "contenttypes.contenttype", "pk": 28, "fields": {"app_label": "blog", "model": "blogindexpage"}}, {"model": "contenttypes.contenttype", "pk": 29, "fields": {"app_label": "blog", "model": "blogpage"}}, {"model": "contenttypes.contenttype", "pk": 30, "fields": {"app_label": "blog", "model": "blogpagegalleryimage"}}, {"model": "contenttypes.contenttype", "pk": 31, "fields": {"app_label": "blog", "model": "blogpagetag"}}, {"model": "contenttypes.contenttype", "pk": 32, "fields": {"app_label": "blog", "model": "blogtagindexpage"}}, {"model": "contenttypes.contenttype", "pk": 33, "fields": {"app_label": "blog", "model": "blogcategory"}}, {"model": "contenttypes.contenttype", "pk": 34, "fields": {"app_label": "blog", "model": "textpage"}}, {"model": "sessions.session", "pk": "257xau9b8zj1zog2vwexof7tet9rkexs", "fields": {"session_data": "OWE5MmM3MzNjOTE5NzJiOGU4MTVlMzQyY2Q3NTE0ODNiZjcxNDFmNTp7Il9hdXRoX3VzZXJfaWQiOiIxIiwiX2F1dGhfdXNlcl9iYWNrZW5kIjoiZGphbmdvLmNvbnRyaWIuYXV0aC5iYWNrZW5kcy5Nb2RlbEJhY2tlbmQiLCJfYXV0aF91c2VyX2hhc2giOiI3NmNlMTRiYWY4ZWI0NjkxZTIzMTRlNzEzNTE5YmRkNmQ5ODEzNzRjIn0=", "expire_date": "2019-11-21T16:12:01.403Z"}}, {"model": "sessions.session", "pk": "7qqll62l16wym8yxbxulpyugeko5nnsf", "fields": {"session_data": "NTVlYmMxMTQ1MjNjNTg3YTM0NDEyY2MyNTI3MTY1YTg1YmQ2ODU5NDp7Il9hdXRoX3VzZXJfaWQiOiIxIiwiX2F1dGhfdXNlcl9iYWNrZW5kIjoiZGphbmdvLmNvbnRyaWIuYXV0aC5iYWNrZW5kcy5Nb2RlbEJhY2tlbmQiLCJfYXV0aF91c2VyX2hhc2giOiIzZDMyOGMyNmVlYzMwNzBiMWE1N2RlNjNiZjc1ZDMwMTg1YmExMmNiIn0=", "expire_date": "2019-10-31T10:45:33.126Z"}}, {"model": "sessions.session", "pk": "c5gbvz0kc3aplk3pf7pq88ttwbu9fri1", "fields": {"session_data": "ZWRhZjllZDkxNWViMmNiZGUxNWFkNWY0MmRiYWMwNDQwMzAzZWVhMDp7Il9hdXRoX3VzZXJfaWQiOiIxIiwiX2F1dGhfdXNlcl9iYWNrZW5kIjoiZGphbmdvLmNvbnRyaWIuYXV0aC5iYWNrZW5kcy5Nb2RlbEJhY2tlbmQiLCJfYXV0aF91c2VyX2hhc2giOiIwZDYxMmNhZTk2ZmJhYmYxOTRiODVlNzkyNGQ5NjYwOTI2N2IzMmQwIn0=", "expire_date": "2019-11-27T20:16:40.630Z"}}, {"model": "sessions.session", "pk": "nk10u2gkgays1jmxtczhnclvwc82b7pz", "fields": {"session_data": "NTVlYmMxMTQ1MjNjNTg3YTM0NDEyY2MyNTI3MTY1YTg1YmQ2ODU5NDp7Il9hdXRoX3VzZXJfaWQiOiIxIiwiX2F1dGhfdXNlcl9iYWNrZW5kIjoiZGphbmdvLmNvbnRyaWIuYXV0aC5iYWNrZW5kcy5Nb2RlbEJhY2tlbmQiLCJfYXV0aF91c2VyX2hhc2giOiIzZDMyOGMyNmVlYzMwNzBiMWE1N2RlNjNiZjc1ZDMwMTg1YmExMmNiIn0=", "expire_date": "2019-11-08T19:50:34.580Z"}}, {"model": "sessions.session", "pk": "szwzrc3foilqgaiae6zzorkw8ovg4v88", "fields": {"session_data": "ZWRjOTZkN2IzM2E0NGJmZDE3MmYxYzVmNWRiMjAzMmJiNDM4NzU4MTp7Il9hdXRoX3VzZXJfaWQiOiIxIiwiX2F1dGhfdXNlcl9iYWNrZW5kIjoiZGphbmdvLmNvbnRyaWIuYXV0aC5iYWNrZW5kcy5Nb2RlbEJhY2tlbmQiLCJfYXV0aF91c2VyX2hhc2giOiIzZDMyOGMyNmVlYzMwNzBiMWE1N2RlNjNiZjc1ZDMwMTg1YmExMmNiIiwid2FndGFpbC1wcmV2aWV3LTMiOlsiY3NyZm1pZGRsZXdhcmV0b2tlbj1wSU1FR3FYTlM5VkR6RVpIdWN5cjlsaDNUZHFMTDNzWHZMWXZQSWxGUlZwbERwQ1p5eHZDSVA2R1RyY1QxUWljJm5leHQ9JnRpdGxlPUhvbWUmYm9keT0lN0IlMjJibG9ja3MlMjIlM0ElNUIlN0IlMjJrZXklMjIlM0ElMjJjZ3ZuZyUyMiUyQyUyMnRleHQlMjIlM0ElMjJIZWxsbyt3b3JsZCUyMStIZXJlK2lzK215K2ZpcnN0K1dhZ3RhaWwrc2l0ZS4rSG93K2V4Y2l0aW5nLiUyMiUyQyUyMnR5cGUlMjIlM0ElMjJ1bnN0eWxlZCUyMiUyQyUyMmRlcHRoJTIyJTNBMCUyQyUyMmlubGluZVN0eWxlUmFuZ2VzJTIyJTNBJTVCJTVEJTJDJTIyZW50aXR5UmFuZ2VzJTIyJTNBJTVCJTVEJTJDJTIyZGF0YSUyMiUzQSU3QiU3RCU3RCU1RCUyQyUyMmVudGl0eU1hcCUyMiUzQSU3QiU3RCU3RCZzbHVnPWhvbWUmc2VvX3RpdGxlPSZzZWFyY2hfZGVzY3JpcHRpb249JmdvX2xpdmVfYXQ9JmV4cGlyZV9hdD0iLDE1NzEzMTA4MzMuMTgxMDhdLCJ3YWd0YWlsLXByZXZpZXctNSI6WyJjc3JmbWlkZGxld2FyZXRva2VuPUdjZ0VxRXVYdVdXeE41ZTl3YmtPNEUyNFF1d3c5NXRZTWZzdnpXU1B0SXFmUlFSckF3aFpEOFJIUUlpRXBTamQmbmV4dD0mdGl0bGU9MXN0K3Bvc3QmZGF0ZT0yMDE5LTEwLTE2JmludHJvPUludHJvJmJvZHk9JTdCJTIyYmxvY2tzJTIyJTNBJTVCJTdCJTIya2V5JTIyJTNBJTIyYmVieTMlMjIlMkMlMjJ0ZXh0JTIyJTNBJTIyTG9yZW0raXBzdW0rZG9sb3Irc2l0K2FtZXQlMkMrY29uc2V0ZXR1citzYWRpcHNjaW5nK2VsaXRyJTJDK3NlZCtkaWFtK25vbnVteStlaXJtb2QrdGVtcG9yK2ludmlkdW50K3V0K2xhYm9yZStldCtkb2xvcmUrbWFnbmErYWxpcXV5YW0rZXJhdCUyQytzZWQrZGlhbSt2b2x1cHR1YS4rQXQrdmVybytlb3MrZXQrYWNjdXNhbStldCtqdXN0bytkdW8rZG9sb3JlcytldCtlYStyZWJ1bS4rU3RldCtjbGl0YStrYXNkK2d1YmVyZ3JlbiUyQytubytzZWErdGFraW1hdGErc2FuY3R1cytlc3QrTG9yZW0raXBzdW0rZG9sb3Irc2l0K2FtZXQuK0xvcmVtK2lwc3VtK2RvbG9yK3NpdCthbWV0JTJDK2NvbnNldGV0dXIrc2FkaXBzY2luZytlbGl0ciUyQytzZWQrZGlhbStub251bXkrZWlybW9kK3RlbXBvcitpbnZpZHVudCt1dCtsYWJvcmUrZXQrZG9sb3JlK21hZ25hK2FsaXF1eWFtK2VyYXQlMkMrc2VkK2RpYW0rdm9sdXB0dWEuK0F0K3Zlcm8rZW9zK2V0K2FjY3VzYW0rZXQranVzdG8rZHVvK2RvbG9yZXMrZXQrZWErcmVidW0uK1N0ZXQrY2xpdGEra2FzZCtndWJlcmdyZW4lMkMrbm8rc2VhK3Rha2ltYXRhK3NhbmN0dXMrZXN0K0xvcmVtK2lwc3VtK2RvbG9yK3NpdCthbWV0LiUyMiUyQyUyMnR5cGUlMjIlM0ElMjJ1bnN0eWxlZCUyMiUyQyUyMmRlcHRoJTIyJTNBMCUyQyUyMmlubGluZVN0eWxlUmFuZ2VzJTIyJTNBJTVCJTVEJTJDJTIyZW50aXR5UmFuZ2VzJTIyJTNBJTVCJTVEJTJDJTIyZGF0YSUyMiUzQSU3QiU3RCU3RCU1RCUyQyUyMmVudGl0eU1hcCUyMiUzQSU3QiU3RCU3RCZzbHVnPTFzdC1wb3N0JnNlb190aXRsZT0mc2VhcmNoX2Rlc2NyaXB0aW9uPSZnb19saXZlX2F0PSZleHBpcmVfYXQ9IiwxNTcxMzEwODY5LjQwNTIwNl19", "expire_date": "2019-10-31T11:14:29.431Z"}}, {"model": "sessions.session", "pk": "xovxark2coxzvrge0mjikvtojp1si6gm", "fields": {"session_data": "OWE5MmM3MzNjOTE5NzJiOGU4MTVlMzQyY2Q3NTE0ODNiZjcxNDFmNTp7Il9hdXRoX3VzZXJfaWQiOiIxIiwiX2F1dGhfdXNlcl9iYWNrZW5kIjoiZGphbmdvLmNvbnRyaWIuYXV0aC5iYWNrZW5kcy5Nb2RlbEJhY2tlbmQiLCJfYXV0aF91c2VyX2hhc2giOiI3NmNlMTRiYWY4ZWI0NjkxZTIzMTRlNzEzNTE5YmRkNmQ5ODEzNzRjIn0=", "expire_date": "2019-11-17T12:32:10.549Z"}}, {"model": "sessions.session", "pk": "yn372zpcbwzda10qmtmoeh31z3fs2fwh", "fields": {"session_data": "OWE5MmM3MzNjOTE5NzJiOGU4MTVlMzQyY2Q3NTE0ODNiZjcxNDFmNTp7Il9hdXRoX3VzZXJfaWQiOiIxIiwiX2F1dGhfdXNlcl9iYWNrZW5kIjoiZGphbmdvLmNvbnRyaWIuYXV0aC5iYWNrZW5kcy5Nb2RlbEJhY2tlbmQiLCJfYXV0aF91c2VyX2hhc2giOiI3NmNlMTRiYWY4ZWI0NjkxZTIzMTRlNzEzNTE5YmRkNmQ5ODEzNzRjIn0=", "expire_date": "2019-11-23T11:27:29.671Z"}}, {"model": "blog.blogpagetag", "pk": 6, "fields": {"tag": 1, "content_object": 13}}, {"model": "blog.blogpagetag", "pk": 8, "fields": {"tag": 1, "content_object": 14}}, {"model": "blog.blogpagetag", "pk": 24, "fields": {"tag": 1, "content_object": 10}}, {"model": "auth.permission", "pk": 1, "fields": {"name": "Can access Wagtail admin", "content_type": 3, "codename": "access_admin"}}, {"model": "auth.permission", "pk": 2, "fields": {"name": "Can add document", "content_type": 4, "codename": "add_document"}}, {"model": "auth.permission", "pk": 3, "fields": {"name": "Can change document", "content_type": 4, "codename": "change_document"}}, {"model": "auth.permission", "pk": 4, "fields": {"name": "Can delete document", "content_type": 4, "codename": "delete_document"}}, {"model": "auth.permission", "pk": 5, "fields": {"name": "Can add image", "content_type": 5, "codename": "add_image"}}, {"model": "auth.permission", "pk": 6, "fields": {"name": "Can change image", "content_type": 5, "codename": "change_image"}}, {"model": "auth.permission", "pk": 7, "fields": {"name": "Can delete image", "content_type": 5, "codename": "delete_image"}}, {"model": "auth.permission", "pk": 8, "fields": {"name": "Can add home page", "content_type": 2, "codename": "add_homepage"}}, {"model": "auth.permission", "pk": 9, "fields": {"name": "Can change home page", "content_type": 2, "codename": "change_homepage"}}, {"model": "auth.permission", "pk": 10, "fields": {"name": "Can delete home page", "content_type": 2, "codename": "delete_homepage"}}, {"model": "auth.permission", "pk": 11, "fields": {"name": "Can view home page", "content_type": 2, "codename": "view_homepage"}}, {"model": "auth.permission", "pk": 12, "fields": {"name": "Can add form submission", "content_type": 6, "codename": "add_formsubmission"}}, {"model": "auth.permission", "pk": 13, "fields": {"name": "Can change form submission", "content_type": 6, "codename": "change_formsubmission"}}, {"model": "auth.permission", "pk": 14, "fields": {"name": "Can delete form submission", "content_type": 6, "codename": "delete_formsubmission"}}, {"model": "auth.permission", "pk": 15, "fields": {"name": "Can view form submission", "content_type": 6, "codename": "view_formsubmission"}}, {"model": "auth.permission", "pk": 16, "fields": {"name": "Can add redirect", "content_type": 7, "codename": "add_redirect"}}, {"model": "auth.permission", "pk": 17, "fields": {"name": "Can change redirect", "content_type": 7, "codename": "change_redirect"}}, {"model": "auth.permission", "pk": 18, "fields": {"name": "Can delete redirect", "content_type": 7, "codename": "delete_redirect"}}, {"model": "auth.permission", "pk": 19, "fields": {"name": "Can view redirect", "content_type": 7, "codename": "view_redirect"}}, {"model": "auth.permission", "pk": 20, "fields": {"name": "Can add embed", "content_type": 8, "codename": "add_embed"}}, {"model": "auth.permission", "pk": 21, "fields": {"name": "Can change embed", "content_type": 8, "codename": "change_embed"}}, {"model": "auth.permission", "pk": 22, "fields": {"name": "Can delete embed", "content_type": 8, "codename": "delete_embed"}}, {"model": "auth.permission", "pk": 23, "fields": {"name": "Can view embed", "content_type": 8, "codename": "view_embed"}}, {"model": "auth.permission", "pk": 24, "fields": {"name": "Can add user profile", "content_type": 9, "codename": "add_userprofile"}}, {"model": "auth.permission", "pk": 25, "fields": {"name": "Can change user profile", "content_type": 9, "codename": "change_userprofile"}}, {"model": "auth.permission", "pk": 26, "fields": {"name": "Can delete user profile", "content_type": 9, "codename": "delete_userprofile"}}, {"model": "auth.permission", "pk": 27, "fields": {"name": "Can view user profile", "content_type": 9, "codename": "view_userprofile"}}, {"model": "auth.permission", "pk": 28, "fields": {"name": "Can view document", "content_type": 4, "codename": "view_document"}}, {"model": "auth.permission", "pk": 29, "fields": {"name": "Can view image", "content_type": 5, "codename": "view_image"}}, {"model": "auth.permission", "pk": 30, "fields": {"name": "Can add rendition", "content_type": 10, "codename": "add_rendition"}}, {"model": "auth.permission", "pk": 31, "fields": {"name": "Can change rendition", "content_type": 10, "codename": "change_rendition"}}, {"model": "auth.permission", "pk": 32, "fields": {"name": "Can delete rendition", "content_type": 10, "codename": "delete_rendition"}}, {"model": "auth.permission", "pk": 33, "fields": {"name": "Can view rendition", "content_type": 10, "codename": "view_rendition"}}, {"model": "auth.permission", "pk": 34, "fields": {"name": "Can add query", "content_type": 11, "codename": "add_query"}}, {"model": "auth.permission", "pk": 35, "fields": {"name": "Can change query", "content_type": 11, "codename": "change_query"}}, {"model": "auth.permission", "pk": 36, "fields": {"name": "Can delete query", "content_type": 11, "codename": "delete_query"}}, {"model": "auth.permission", "pk": 37, "fields": {"name": "Can view query", "content_type": 11, "codename": "view_query"}}, {"model": "auth.permission", "pk": 38, "fields": {"name": "Can add Query Daily Hits", "content_type": 12, "codename": "add_querydailyhits"}}, {"model": "auth.permission", "pk": 39, "fields": {"name": "Can change Query Daily Hits", "content_type": 12, "codename": "change_querydailyhits"}}, {"model": "auth.permission", "pk": 40, "fields": {"name": "Can delete Query Daily Hits", "content_type": 12, "codename": "delete_querydailyhits"}}, {"model": "auth.permission", "pk": 41, "fields": {"name": "Can view Query Daily Hits", "content_type": 12, "codename": "view_querydailyhits"}}, {"model": "auth.permission", "pk": 42, "fields": {"name": "Can add page", "content_type": 1, "codename": "add_page"}}, {"model": "auth.permission", "pk": 43, "fields": {"name": "Can change page", "content_type": 1, "codename": "change_page"}}, {"model": "auth.permission", "pk": 44, "fields": {"name": "Can delete page", "content_type": 1, "codename": "delete_page"}}, {"model": "auth.permission", "pk": 45, "fields": {"name": "Can view page", "content_type": 1, "codename": "view_page"}}, {"model": "auth.permission", "pk": 46, "fields": {"name": "Can add group page permission", "content_type": 13, "codename": "add_grouppagepermission"}}, {"model": "auth.permission", "pk": 47, "fields": {"name": "Can change group page permission", "content_type": 13, "codename": "change_grouppagepermission"}}, {"model": "auth.permission", "pk": 48, "fields": {"name": "Can delete group page permission", "content_type": 13, "codename": "delete_grouppagepermission"}}, {"model": "auth.permission", "pk": 49, "fields": {"name": "Can view group page permission", "content_type": 13, "codename": "view_grouppagepermission"}}, {"model": "auth.permission", "pk": 50, "fields": {"name": "Can add page revision", "content_type": 14, "codename": "add_pagerevision"}}, {"model": "auth.permission", "pk": 51, "fields": {"name": "Can change page revision", "content_type": 14, "codename": "change_pagerevision"}}, {"model": "auth.permission", "pk": 52, "fields": {"name": "Can delete page revision", "content_type": 14, "codename": "delete_pagerevision"}}, {"model": "auth.permission", "pk": 53, "fields": {"name": "Can view page revision", "content_type": 14, "codename": "view_pagerevision"}}, {"model": "auth.permission", "pk": 54, "fields": {"name": "Can add page view restriction", "content_type": 15, "codename": "add_pageviewrestriction"}}, {"model": "auth.permission", "pk": 55, "fields": {"name": "Can change page view restriction", "content_type": 15, "codename": "change_pageviewrestriction"}}, {"model": "auth.permission", "pk": 56, "fields": {"name": "Can delete page view restriction", "content_type": 15, "codename": "delete_pageviewrestriction"}}, {"model": "auth.permission", "pk": 57, "fields": {"name": "Can view page view restriction", "content_type": 15, "codename": "view_pageviewrestriction"}}, {"model": "auth.permission", "pk": 58, "fields": {"name": "Can add site", "content_type": 16, "codename": "add_site"}}, {"model": "auth.permission", "pk": 59, "fields": {"name": "Can change site", "content_type": 16, "codename": "change_site"}}, {"model": "auth.permission", "pk": 60, "fields": {"name": "Can delete site", "content_type": 16, "codename": "delete_site"}}, {"model": "auth.permission", "pk": 61, "fields": {"name": "Can view site", "content_type": 16, "codename": "view_site"}}, {"model": "auth.permission", "pk": 62, "fields": {"name": "Can add collection", "content_type": 17, "codename": "add_collection"}}, {"model": "auth.permission", "pk": 63, "fields": {"name": "Can change collection", "content_type": 17, "codename": "change_collection"}}, {"model": "auth.permission", "pk": 64, "fields": {"name": "Can delete collection", "content_type": 17, "codename": "delete_collection"}}, {"model": "auth.permission", "pk": 65, "fields": {"name": "Can view collection", "content_type": 17, "codename": "view_collection"}}, {"model": "auth.permission", "pk": 66, "fields": {"name": "Can add group collection permission", "content_type": 18, "codename": "add_groupcollectionpermission"}}, {"model": "auth.permission", "pk": 67, "fields": {"name": "Can change group collection permission", "content_type": 18, "codename": "change_groupcollectionpermission"}}, {"model": "auth.permission", "pk": 68, "fields": {"name": "Can delete group collection permission", "content_type": 18, "codename": "delete_groupcollectionpermission"}}, {"model": "auth.permission", "pk": 69, "fields": {"name": "Can view group collection permission", "content_type": 18, "codename": "view_groupcollectionpermission"}}, {"model": "auth.permission", "pk": 70, "fields": {"name": "Can add collection view restriction", "content_type": 19, "codename": "add_collectionviewrestriction"}}, {"model": "auth.permission", "pk": 71, "fields": {"name": "Can change collection view restriction", "content_type": 19, "codename": "change_collectionviewrestriction"}}, {"model": "auth.permission", "pk": 72, "fields": {"name": "Can delete collection view restriction", "content_type": 19, "codename": "delete_collectionviewrestriction"}}, {"model": "auth.permission", "pk": 73, "fields": {"name": "Can view collection view restriction", "content_type": 19, "codename": "view_collectionviewrestriction"}}, {"model": "auth.permission", "pk": 74, "fields": {"name": "Can add Tag", "content_type": 20, "codename": "add_tag"}}, {"model": "auth.permission", "pk": 75, "fields": {"name": "Can change Tag", "content_type": 20, "codename": "change_tag"}}, {"model": "auth.permission", "pk": 76, "fields": {"name": "Can delete Tag", "content_type": 20, "codename": "delete_tag"}}, {"model": "auth.permission", "pk": 77, "fields": {"name": "Can view Tag", "content_type": 20, "codename": "view_tag"}}, {"model": "auth.permission", "pk": 78, "fields": {"name": "Can add Tagged Item", "content_type": 21, "codename": "add_taggeditem"}}, {"model": "auth.permission", "pk": 79, "fields": {"name": "Can change Tagged Item", "content_type": 21, "codename": "change_taggeditem"}}, {"model": "auth.permission", "pk": 80, "fields": {"name": "Can delete Tagged Item", "content_type": 21, "codename": "delete_taggeditem"}}, {"model": "auth.permission", "pk": 81, "fields": {"name": "Can view Tagged Item", "content_type": 21, "codename": "view_taggeditem"}}, {"model": "auth.permission", "pk": 82, "fields": {"name": "Can add log entry", "content_type": 22, "codename": "add_logentry"}}, {"model": "auth.permission", "pk": 83, "fields": {"name": "Can change log entry", "content_type": 22, "codename": "change_logentry"}}, {"model": "auth.permission", "pk": 84, "fields": {"name": "Can delete log entry", "content_type": 22, "codename": "delete_logentry"}}, {"model": "auth.permission", "pk": 85, "fields": {"name": "Can view log entry", "content_type": 22, "codename": "view_logentry"}}, {"model": "auth.permission", "pk": 86, "fields": {"name": "Can add permission", "content_type": 23, "codename": "add_permission"}}, {"model": "auth.permission", "pk": 87, "fields": {"name": "Can change permission", "content_type": 23, "codename": "change_permission"}}, {"model": "auth.permission", "pk": 88, "fields": {"name": "Can delete permission", "content_type": 23, "codename": "delete_permission"}}, {"model": "auth.permission", "pk": 89, "fields": {"name": "Can view permission", "content_type": 23, "codename": "view_permission"}}, {"model": "auth.permission", "pk": 90, "fields": {"name": "Can add group", "content_type": 24, "codename": "add_group"}}, {"model": "auth.permission", "pk": 91, "fields": {"name": "Can change group", "content_type": 24, "codename": "change_group"}}, {"model": "auth.permission", "pk": 92, "fields": {"name": "Can delete group", "content_type": 24, "codename": "delete_group"}}, {"model": "auth.permission", "pk": 93, "fields": {"name": "Can view group", "content_type": 24, "codename": "view_group"}}, {"model": "auth.permission", "pk": 94, "fields": {"name": "Can add user", "content_type": 25, "codename": "add_user"}}, {"model": "auth.permission", "pk": 95, "fields": {"name": "Can change user", "content_type": 25, "codename": "change_user"}}, {"model": "auth.permission", "pk": 96, "fields": {"name": "Can delete user", "content_type": 25, "codename": "delete_user"}}, {"model": "auth.permission", "pk": 97, "fields": {"name": "Can view user", "content_type": 25, "codename": "view_user"}}, {"model": "auth.permission", "pk": 98, "fields": {"name": "Can add content type", "content_type": 26, "codename": "add_contenttype"}}, {"model": "auth.permission", "pk": 99, "fields": {"name": "Can change content type", "content_type": 26, "codename": "change_contenttype"}}, {"model": "auth.permission", "pk": 100, "fields": {"name": "Can delete content type", "content_type": 26, "codename": "delete_contenttype"}}, {"model": "auth.permission", "pk": 101, "fields": {"name": "Can view content type", "content_type": 26, "codename": "view_contenttype"}}, {"model": "auth.permission", "pk": 102, "fields": {"name": "Can add session", "content_type": 27, "codename": "add_session"}}, {"model": "auth.permission", "pk": 103, "fields": {"name": "Can change session", "content_type": 27, "codename": "change_session"}}, {"model": "auth.permission", "pk": 104, "fields": {"name": "Can delete session", "content_type": 27, "codename": "delete_session"}}, {"model": "auth.permission", "pk": 105, "fields": {"name": "Can view session", "content_type": 27, "codename": "view_session"}}, {"model": "auth.permission", "pk": 106, "fields": {"name": "Can add blog index page", "content_type": 28, "codename": "add_blogindexpage"}}, {"model": "auth.permission", "pk": 107, "fields": {"name": "Can change blog index page", "content_type": 28, "codename": "change_blogindexpage"}}, {"model": "auth.permission", "pk": 108, "fields": {"name": "Can delete blog index page", "content_type": 28, "codename": "delete_blogindexpage"}}, {"model": "auth.permission", "pk": 109, "fields": {"name": "Can view blog index page", "content_type": 28, "codename": "view_blogindexpage"}}, {"model": "auth.permission", "pk": 110, "fields": {"name": "Can add blog page", "content_type": 29, "codename": "add_blogpage"}}, {"model": "auth.permission", "pk": 111, "fields": {"name": "Can change blog page", "content_type": 29, "codename": "change_blogpage"}}, {"model": "auth.permission", "pk": 112, "fields": {"name": "Can delete blog page", "content_type": 29, "codename": "delete_blogpage"}}, {"model": "auth.permission", "pk": 113, "fields": {"name": "Can view blog page", "content_type": 29, "codename": "view_blogpage"}}, {"model": "auth.permission", "pk": 114, "fields": {"name": "Can add blog page gallery image", "content_type": 30, "codename": "add_blogpagegalleryimage"}}, {"model": "auth.permission", "pk": 115, "fields": {"name": "Can change blog page gallery image", "content_type": 30, "codename": "change_blogpagegalleryimage"}}, {"model": "auth.permission", "pk": 116, "fields": {"name": "Can delete blog page gallery image", "content_type": 30, "codename": "delete_blogpagegalleryimage"}}, {"model": "auth.permission", "pk": 117, "fields": {"name": "Can view blog page gallery image", "content_type": 30, "codename": "view_blogpagegalleryimage"}}, {"model": "auth.permission", "pk": 118, "fields": {"name": "Can add blog page tag", "content_type": 31, "codename": "add_blogpagetag"}}, {"model": "auth.permission", "pk": 119, "fields": {"name": "Can change blog page tag", "content_type": 31, "codename": "change_blogpagetag"}}, {"model": "auth.permission", "pk": 120, "fields": {"name": "Can delete blog page tag", "content_type": 31, "codename": "delete_blogpagetag"}}, {"model": "auth.permission", "pk": 121, "fields": {"name": "Can view blog page tag", "content_type": 31, "codename": "view_blogpagetag"}}, {"model": "auth.permission", "pk": 122, "fields": {"name": "Can add blog tag index page", "content_type": 32, "codename": "add_blogtagindexpage"}}, {"model": "auth.permission", "pk": 123, "fields": {"name": "Can change blog tag index page", "content_type": 32, "codename": "change_blogtagindexpage"}}, {"model": "auth.permission", "pk": 124, "fields": {"name": "Can delete blog tag index page", "content_type": 32, "codename": "delete_blogtagindexpage"}}, {"model": "auth.permission", "pk": 125, "fields": {"name": "Can view blog tag index page", "content_type": 32, "codename": "view_blogtagindexpage"}}, {"model": "auth.permission", "pk": 126, "fields": {"name": "Can add blog category", "content_type": 33, "codename": "add_blogcategory"}}, {"model": "auth.permission", "pk": 127, "fields": {"name": "Can change blog category", "content_type": 33, "codename": "change_blogcategory"}}, {"model": "auth.permission", "pk": 128, "fields": {"name": "Can delete blog category", "content_type": 33, "codename": "delete_blogcategory"}}, {"model": "auth.permission", "pk": 129, "fields": {"name": "Can view blog category", "content_type": 33, "codename": "view_blogcategory"}}, {"model": "auth.permission", "pk": 130, "fields": {"name": "Can add text page", "content_type": 34, "codename": "add_textpage"}}, {"model": "auth.permission", "pk": 131, "fields": {"name": "Can change text page", "content_type": 34, "codename": "change_textpage"}}, {"model": "auth.permission", "pk": 132, "fields": {"name": "Can delete text page", "content_type": 34, "codename": "delete_textpage"}}, {"model": "auth.permission", "pk": 133, "fields": {"name": "Can view text page", "content_type": 34, "codename": "view_textpage"}}, {"model": "auth.group", "pk": 1, "fields": {"name": "Moderators", "permissions": [1, 2, 3, 4, 5, 6, 7]}}, {"model": "auth.group", "pk": 2, "fields": {"name": "Editors", "permissions": [1, 2, 3, 4, 5, 6, 7]}}, {"model": "auth.user", "pk": 1, "fields": {"password": "pbkdf2_sha256$150000$IlU3kOIEyKGU$oT2F8WyJa/MUo5V32Ds11uD+Wo3E4SZh4v5UFIP8vdA=", "last_login": "2019-11-13T20:16:40.626Z", "is_superuser": true, "username": "rosamund", "first_name": "Rosamund", "last_name": "Mather", "email": "rsmnd.mthr@gmail.com", "is_staff": true, "is_active": true, "date_joined": "2019-10-16T20:44:25.537Z", "groups": [1, 2], "user_permissions": []}}, {"model": "blog.textpage", "pk": 15, "fields": {"body": "<p>Lorem ipsum dolor sit amet, consetetur sadipscing elitr, sed diam nonumy eirmod tempor invidunt ut labore et dolore magna aliquyam erat, sed diam voluptua. At vero eos et accusam et justo duo dolores et ea rebum. Stet clita kasd gubergren, no sea takimata sanctus est Lorem ipsum dolor sit amet. Lorem ipsum dolor sit amet, consetetur sadipscing elitr, sed diam nonumy eirmod tempor invidunt ut labore et dolore magna aliquyam erat, sed diam voluptua. At vero eos et accusam et justo duo dolores et ea rebum. Stet clita kasd gubergren, no sea takimata sanctus est Lorem ipsum dolor sit amet.</p>"}}, {"model": "blog.textpage", "pk": 23, "fields": {"body": "<p>Lorem ipsum dolor sit amet, consetetur sadipscing elitr, sed diam nonumy eirmod tempor invidunt ut labore et dolore magna aliquyam erat, sed diam voluptua. At vero eos et accusam et justo duo dolores et ea rebum. Stet clita kasd gubergren, no sea takimata sanctus est Lorem ipsum dolor sit amet. Lorem ipsum dolor sit amet, consetetur sadipscing elitr, sed diam nonumy eirmod tempor invidunt ut labore et dolore magna aliquyam erat, sed diam voluptua. At vero eos et accusam et justo duo dolores et ea rebum. Stet clita kasd gubergren, no sea takimata sanctus est Lorem ipsum dolor sit amet.</p>"}}, {"model": "blog.textpage", "pk": 24, "fields": {"body": "<p>Lorem ipsum dolor sit amet, consetetur sadipscing elitr, sed diam nonumy eirmod tempor invidunt ut labore et dolore magna aliquyam erat, sed diam voluptua. At vero eos et accusam et justo duo dolores et ea rebum. Stet clita kasd gubergren, no sea takimata sanctus est Lorem ipsum dolor sit amet. Lorem ipsum dolor sit amet, consetetur sadipscing elitr, sed diam nonumy eirmod tempor invidunt ut labore et dolore magna aliquyam erat, sed diam voluptua. At vero eos et accusam et justo duo dolores et ea rebum. Stet clita kasd gubergren, no sea takimata sanctus est Lorem ipsum dolor sit amet.</p>"}}, {"model": "blog.blogindexpage", "pk": 4, "fields": {"intro": ""}}, {"model": "blog.blogpage", "pk": 10, "fields": {"date": "2019-10-24", "body": "<p>Lorem ipsum dolor sit amet, consetetur sadipscing elitr, sed diam nonumy eirmod tempor invidunt ut labore et dolore magna aliquyam erat, sed diam voluptua. At vero eos et accusam et justo duo dolores et ea rebum. Stet clita kasd gubergren, no sea takimata sanctus est Lorem ipsum dolor sit amet.</p>", "categories": []}}, {"model": "blog.blogpage", "pk": 13, "fields": {"date": "2019-10-25", "body": "<p>Lorem ipsum dolor sit amet, consetetur sadipscing elitr, sed diam nonumy eirmod tempor invidunt ut labore et dolore magna aliquyam erat, sed diam voluptua. At vero eos et accusam et justo duo dolores et ea rebum. Stet clita kasd gubergren, no sea takimata sanctus est Lorem ipsum dolor sit amet.</p>", "categories": []}}, {"model": "blog.blogpage", "pk": 14, "fields": {"date": "2019-10-25", "body": "<p>Lorem ipsum dolor sit amet, consetetur sadipscing elitr, sed diam nonumy eirmod tempor invidunt ut labore et dolore magna aliquyam erat, sed diam voluptua. At vero eos et accusam et justo duo dolores et ea rebum. Stet clita kasd gubergren, no sea takimata sanctus est Lorem ipsum dolor sit amet.</p>", "categories": []}}, {"model": "blog.blogtagindexpage", "pk": 12, "fields": {}}, {"model": "wagtailcore.groupcollectionpermission", "pk": 1, "fields": {"group": 2, "collection": 1, "permission": 2}}, {"model": "wagtailcore.groupcollectionpermission", "pk": 2, "fields": {"group": 1, "collection": 1, "permission": 2}}, {"model": "wagtailcore.groupcollectionpermission", "pk": 3, "fields": {"group": 2, "collection": 1, "permission": 3}}, {"model": "wagtailcore.groupcollectionpermission", "pk": 4, "fields": {"group": 1, "collection": 1, "permission": 3}}, {"model": "wagtailcore.groupcollectionpermission", "pk": 5, "fields": {"group": 2, "collection": 1, "permission": 5}}, {"model": "wagtailcore.groupcollectionpermission", "pk": 6, "fields": {"group": 1, "collection": 1, "permission": 5}}, {"model": "wagtailcore.groupcollectionpermission", "pk": 7, "fields": {"group": 2, "collection": 1, "permission": 6}}, {"model": "wagtailcore.groupcollectionpermission", "pk": 8, "fields": {"group": 1, "collection": 1, "permission": 6}}, {"model": "wagtailcore.grouppagepermission", "pk": 1, "fields": {"group": 1, "page": 1, "permission_type": "add"}}, {"model": "wagtailcore.grouppagepermission", "pk": 2, "fields": {"group": 1, "page": 1, "permission_type": "edit"}}, {"model": "wagtailcore.grouppagepermission", "pk": 3, "fields": {"group": 1, "page": 1, "permission_type": "publish"}}, {"model": "wagtailcore.grouppagepermission", "pk": 4, "fields": {"group": 2, "page": 1, "permission_type": "add"}}, {"model": "wagtailcore.grouppagepermission", "pk": 5, "fields": {"group": 2, "page": 1, "permission_type": "edit"}}, {"model": "wagtailcore.grouppagepermission", "pk": 6, "fields": {"group": 1, "page": 1, "permission_type": "lock"}}, {"model": "wagtailcore.pagerevision", "pk": 1, "fields": {"page": 3, "submitted_for_moderation": false, "created_at": "2019-10-16T20:54:08.445Z", "user": 1, "content_json": "{\"pk\": 3, \"path\": \"00010001\", \"depth\": 2, \"numchild\": 0, \"title\": \"Home\", \"draft_title\": \"Home\", \"slug\": \"home\", \"content_type\": 2, \"live\": true, \"has_unpublished_changes\": false, \"url_path\": \"/home/\", \"owner\": null, \"seo_title\": \"\", \"show_in_menus\": false, \"search_description\": \"\", \"go_live_at\": null, \"expire_at\": null, \"expired\": false, \"locked\": false, \"first_published_at\": null, \"last_published_at\": null, \"latest_revision_created_at\": null, \"live_revision\": null, \"body\": \"<p>Hello world! Here is my first Wagtail site. How exciting.</p>\"}", "approved_go_live_at": null}}, {"model": "wagtailcore.pagerevision", "pk": 2, "fields": {"page": 4, "submitted_for_moderation": false, "created_at": "2019-10-16T21:38:22.543Z", "user": 1, "content_json": "{\"pk\": 4, \"path\": \"000100010001\", \"depth\": 3, \"numchild\": 0, \"title\": \"Blog\", \"draft_title\": \"Blog\", \"slug\": \"blog\", \"content_type\": 28, \"live\": true, \"has_unpublished_changes\": false, \"url_path\": \"/home/blog/\", \"owner\": 1, \"seo_title\": \"\", \"show_in_menus\": false, \"search_description\": \"\", \"go_live_at\": null, \"expire_at\": null, \"expired\": false, \"locked\": false, \"first_published_at\": null, \"last_published_at\": null, \"latest_revision_created_at\": null, \"live_revision\": null, \"intro\": \"\"}", "approved_go_live_at": null}}, {"model": "wagtailcore.pagerevision", "pk": 17, "fields": {"page": 10, "submitted_for_moderation": false, "created_at": "2019-10-24T07:56:27.396Z", "user": 1, "content_json": "{\"pk\": 10, \"path\": \"0001000100010004\", \"depth\": 4, \"numchild\": 0, \"title\": \"Hello world\", \"draft_title\": \"Hello world\", \"slug\": \"hello-world\", \"content_type\": 29, \"live\": false, \"has_unpublished_changes\": false, \"url_path\": \"/home/blog/hello-world/\", \"owner\": 1, \"seo_title\": \"\", \"show_in_menus\": false, \"search_description\": \"\", \"go_live_at\": null, \"expire_at\": null, \"expired\": false, \"locked\": false, \"first_published_at\": null, \"last_published_at\": null, \"latest_revision_created_at\": null, \"live_revision\": null, \"date\": \"2019-10-24\", \"intro\": \"The hows and whys of me being here\", \"body\": \"<p>This is my first real post \\u2014\\u00a0i.e. not a lorem ipsum test post \\u2014 on this new blog of mine. I&#x27;m excited! As I write this, I&#x27;m not actually finished building the site. Not even slightly. I started the <a href=\\\"https://docs.wagtail.io/en/v2.6.2/getting_started/tutorial.html\\\">Wagtail tutorial</a> a couple of weeks ago. With the exception of the Django Girls tutorial</p><p></p><p>So, why am I starting a new blog?</p><p></p><p></p>\", \"tagged_items\": [{\"pk\": 1, \"tag\": 1, \"content_object\": 10}], \"gallery_images\": []}", "approved_go_live_at": null}}, {"model": "wagtailcore.pagerevision", "pk": 18, "fields": {"page": 10, "submitted_for_moderation": false, "created_at": "2019-10-24T08:16:23.410Z", "user": 1, "content_json": "{\"pk\": 10, \"path\": \"0001000100010004\", \"depth\": 4, \"numchild\": 0, \"title\": \"Hello world\", \"draft_title\": \"Hello world\", \"slug\": \"hello-world\", \"content_type\": 29, \"live\": false, \"has_unpublished_changes\": true, \"url_path\": \"/home/blog/hello-world/\", \"owner\": 1, \"seo_title\": \"\", \"show_in_menus\": false, \"search_description\": \"\", \"go_live_at\": null, \"expire_at\": null, \"expired\": false, \"locked\": false, \"first_published_at\": null, \"last_published_at\": null, \"latest_revision_created_at\": \"2019-10-24T07:56:27.396Z\", \"live_revision\": null, \"date\": \"2019-10-24\", \"intro\": \"Some hows and whys of me being here\", \"body\": \"<p>This is my first real post \\u2014\\u00a0i.e. not a<i> </i>lorem ipsum test post \\u2014 on this new blog of mine. I&#x27;m excited! As I write this, I&#x27;m not actually finished building the site. (Not even slightly.) I started the <a href=\\\"https://docs.wagtail.io/en/v2.6.2/getting_started/tutorial.html\\\">Wagtail tutorial</a> a couple of weeks ago. With the exception of the <a href=\\\"https://tutorial.djangogirls.org/en/\\\">Django Girls tutorial</a>, which I&#x27;ve basically only kept so that I have <i>something</i> on my <a href=\\\"https://github.com/rosamundm/\\\">GitHub</a>, it&#x27;s the first blog I&#x27;ve built.</p><p></p><p>So, why am I starting this new blog?</p><p></p><ol><li><b>The </b><a href=\\\"https://roseailleurs.blogspot.com\\\"><b>old one</b></a><b> is... well, old.</b><br/>I started it in 2012. Although in some ways I am fundamentally the same person, there are even more ways in which I&#x27;m not. <br/></li><li><b>I&#x27;m pivoting careers.</b><br/>This summer, I decided I wanted to learn more about web &amp; software development. This month, I decided I wanted to make it my career. I had my Rubicon moment (will be writing a post specifically about that soon). Anyway, I&#x27;ve been reading a lot of material targeted towards people starting coding careers, and one almost universal piece of advice is: start a blog. Luckily, I&#x27;m pretty good at documenting stuff already, so of course the opportunity to write and reflect <i>even more</i> was one that I was going to take up straight away.<br/></li><li><b>I want a decent web app to show off. One that I&#x27;m actually going to be using, updating, etc.</b><br/>See above. No good trying to becoming a dev if there&#x27;s nothing you&#x27;ve actually dev&#x27;d.</li></ol><p></p><p></p>\", \"tagged_items\": [{\"pk\": null, \"tag\": 1, \"content_object\": 10}], \"gallery_images\": []}", "approved_go_live_at": null}}, {"model": "wagtailcore.pagerevision", "pk": 19, "fields": {"page": 10, "submitted_for_moderation": false, "created_at": "2019-10-24T08:17:00.869Z", "user": 1, "content_json": "{\"pk\": 10, \"path\": \"0001000100010004\", \"depth\": 4, \"numchild\": 0, \"title\": \"Hello world\", \"draft_title\": \"Hello world\", \"slug\": \"hello-world\", \"content_type\": 29, \"live\": true, \"has_unpublished_changes\": false, \"url_path\": \"/home/blog/hello-world/\", \"owner\": 1, \"seo_title\": \"\", \"show_in_menus\": false, \"search_description\": \"\", \"go_live_at\": null, \"expire_at\": null, \"expired\": false, \"locked\": false, \"first_published_at\": \"2019-10-24T08:16:23.475Z\", \"last_published_at\": \"2019-10-24T08:16:23.475Z\", \"latest_revision_created_at\": \"2019-10-24T08:16:23.410Z\", \"live_revision\": 18, \"date\": \"2019-10-24\", \"intro\": \"Some hows and whys of me being here\", \"body\": \"<p>This is my first real post \\u2014\\u00a0i.e. not a lorem ipsum test post \\u2014 on this new blog of mine. I&#x27;m excited! As I write this, I&#x27;ve not actually finished building the site. (Not even slightly.) I started the <a href=\\\"https://docs.wagtail.io/en/v2.6.2/getting_started/tutorial.html\\\">Wagtail tutorial</a> a couple of weeks ago. With the exception of the <a href=\\\"https://tutorial.djangogirls.org/en/\\\">Django Girls tutorial</a>, which I&#x27;ve basically only kept so that I have <i>something</i> on my <a href=\\\"https://github.com/rosamundm/\\\">GitHub</a>, it&#x27;s the first blog I&#x27;ve built.</p><p></p><p>So, why am I starting this new blog?</p><p></p><ol><li><b>The</b> <a href=\\\"https://roseailleurs.blogspot.com\\\"><b>old one</b></a><b> is... well, old.</b><br/>I started it in 2012. Although in some ways I am fundamentally the same person, there are even more ways in which I&#x27;m not.<br/></li><li><b>I&#x27;m pivoting careers.</b><br/>This summer, I decided I wanted to learn more about web &amp; software development. This month, I decided I wanted to make it my career. I had my Rubicon moment (will be writing a post specifically about that soon). Anyway, I&#x27;ve been reading a lot of material targeted towards people starting coding careers, and one almost universal piece of advice is: start a blog. Luckily, I&#x27;m pretty good at documenting stuff already, so of course the opportunity to write and reflect <i>even more</i> was one that I was going to take up straight away.<br/></li><li><b>I want a decent web app to show off. One that I&#x27;m actually going to be using, updating, etc.</b><br/>See above. No good trying to becoming a dev if there&#x27;s nothing you&#x27;ve actually dev&#x27;d.</li></ol><p></p><p></p>\", \"tagged_items\": [{\"pk\": null, \"tag\": 1, \"content_object\": 10}], \"gallery_images\": []}", "approved_go_live_at": null}}, {"model": "wagtailcore.pagerevision", "pk": 21, "fields": {"page": 10, "submitted_for_moderation": false, "created_at": "2019-10-24T08:21:45.395Z", "user": 1, "content_json": "{\"pk\": 10, \"path\": \"0001000100010004\", \"depth\": 4, \"numchild\": 0, \"title\": \"Hello world\", \"draft_title\": \"Hello world\", \"slug\": \"hello-world\", \"content_type\": 29, \"live\": true, \"has_unpublished_changes\": false, \"url_path\": \"/home/blog/hello-world/\", \"owner\": 1, \"seo_title\": \"\", \"show_in_menus\": false, \"search_description\": \"\", \"go_live_at\": null, \"expire_at\": null, \"expired\": false, \"locked\": false, \"first_published_at\": \"2019-10-24T08:16:23.475Z\", \"last_published_at\": \"2019-10-24T08:17:00.901Z\", \"latest_revision_created_at\": \"2019-10-24T08:17:00.869Z\", \"live_revision\": 19, \"date\": \"2019-10-24\", \"intro\": \"Some hows and whys of me being here\", \"body\": \"<p>This is my first real post \\u2014\\u00a0i.e. not a lorem ipsum test post \\u2014 on this new blog of mine. I&#x27;m excited! As I write this, I&#x27;ve not actually finished building the site. (Not even slightly.) I started the <a href=\\\"https://docs.wagtail.io/en/v2.6.2/getting_started/tutorial.html\\\">Wagtail tutorial</a> a couple of weeks ago. With the exception of the <a href=\\\"https://tutorial.djangogirls.org/en/\\\">Django Girls tutorial</a>, which I&#x27;ve basically only kept so that I have <i>something</i> on my <a href=\\\"https://github.com/rosamundm/\\\">GitHub</a>, it&#x27;s the first blog I&#x27;ve built.</p><p></p><p>So, why am I starting this new blog?</p><p></p><ol><li><b>The</b> <a href=\\\"https://roseailleurs.blogspot.com\\\"><b>old one</b></a><b> is... well, old.</b><br/>I started it in 2012. Although in some ways I am fundamentally the same person, there are even more ways in which I&#x27;m not.<br/></li><li><b>I&#x27;m pivoting careers.</b><br/>This summer, I decided I wanted to learn more about web &amp; software development. This month, I decided I wanted to make it my career. I had my Rubicon moment (will be writing a post specifically about that soon). Anyway, I&#x27;ve been reading a lot of material targeted towards people starting coding careers, and one almost unanimous piece of advice is: start a blog. Luckily, I&#x27;m pretty good at documenting stuff already, so of course the opportunity to write and reflect <i>even more</i> was one that I was going to take up straight away.<br/></li><li><b>I want a decent web app to show off. One that I&#x27;m actually going to be using, updating, etc.</b><br/>See above. No good trying to becoming a dev if there&#x27;s nothing you&#x27;ve actually dev&#x27;d.</li></ol><p></p><p></p>\", \"tagged_items\": [{\"pk\": null, \"tag\": 1, \"content_object\": 10}], \"gallery_images\": []}", "approved_go_live_at": null}}, {"model": "wagtailcore.pagerevision", "pk": 23, "fields": {"page": 12, "submitted_for_moderation": false, "created_at": "2019-10-24T12:17:09.270Z", "user": 1, "content_json": "{\"pk\": 12, \"path\": \"000100010002\", \"depth\": 3, \"numchild\": 0, \"title\": \"Tags\", \"draft_title\": \"Tags\", \"slug\": \"tags\", \"content_type\": 32, \"live\": true, \"has_unpublished_changes\": false, \"url_path\": \"/home/tags/\", \"owner\": 1, \"seo_title\": \"\", \"show_in_menus\": false, \"search_description\": \"\", \"go_live_at\": null, \"expire_at\": null, \"expired\": false, \"locked\": false, \"first_published_at\": null, \"last_published_at\": null, \"latest_revision_created_at\": null, \"live_revision\": null}", "approved_go_live_at": null}}, {"model": "wagtailcore.pagerevision", "pk": 24, "fields": {"page": 13, "submitted_for_moderation": false, "created_at": "2019-10-25T18:10:42.403Z", "user": 1, "content_json": "{\"pk\": 13, \"path\": \"0001000100010006\", \"depth\": 4, \"numchild\": 0, \"title\": \"Second post\", \"draft_title\": \"Second post\", \"slug\": \"second-post\", \"content_type\": 29, \"live\": true, \"has_unpublished_changes\": false, \"url_path\": \"/home/blog/second-post/\", \"owner\": 1, \"seo_title\": \"\", \"show_in_menus\": false, \"search_description\": \"\", \"go_live_at\": null, \"expire_at\": null, \"expired\": false, \"locked\": false, \"first_published_at\": null, \"last_published_at\": null, \"latest_revision_created_at\": null, \"live_revision\": null, \"date\": \"2019-10-25\", \"intro\": \"A test for now\", \"body\": \"<p>Lorem ipsum dolor sit amet, consetetur sadipscing elitr, sed diam nonumy eirmod tempor invidunt ut labore et dolore magna aliquyam erat, sed diam voluptua. At vero eos et accusam et justo duo dolores et ea rebum. Stet clita kasd gubergren, no sea takimata sanctus est Lorem ipsum dolor sit amet.</p>\", \"tagged_items\": [{\"pk\": 6, \"tag\": 1, \"content_object\": 13}], \"gallery_images\": [], \"categories\": []}", "approved_go_live_at": null}}, {"model": "wagtailcore.pagerevision", "pk": 25, "fields": {"page": 14, "submitted_for_moderation": false, "created_at": "2019-10-25T18:11:20.124Z", "user": 1, "content_json": "{\"pk\": 14, \"path\": \"0001000100010007\", \"depth\": 4, \"numchild\": 0, \"title\": \"Third page\", \"draft_title\": \"Third page\", \"slug\": \"third-page\", \"content_type\": 29, \"live\": true, \"has_unpublished_changes\": false, \"url_path\": \"/home/blog/third-page/\", \"owner\": 1, \"seo_title\": \"\", \"show_in_menus\": false, \"search_description\": \"\", \"go_live_at\": null, \"expire_at\": null, \"expired\": false, \"locked\": false, \"first_published_at\": null, \"last_published_at\": null, \"latest_revision_created_at\": null, \"live_revision\": null, \"date\": \"2019-10-25\", \"intro\": \"Yet another test\", \"body\": \"<p>Lorem ipsum dolor sit amet, consetetur sadipscing elitr, sed diam nonumy eirmod tempor invidunt ut labore et dolore magna aliquyam erat, sed diam voluptua. At vero eos et accusam et justo duo dolores et ea rebum. Stet clita kasd gubergren, no sea takimata sanctus est Lorem ipsum dolor sit amet.</p>\", \"tagged_items\": [{\"pk\": 7, \"tag\": 1, \"content_object\": 14}], \"gallery_images\": [], \"categories\": []}", "approved_go_live_at": null}}, {"model": "wagtailcore.pagerevision", "pk": 26, "fields": {"page": 3, "submitted_for_moderation": false, "created_at": "2019-10-25T19:51:03.821Z", "user": 1, "content_json": "{\"pk\": 3, \"path\": \"00010001\", \"depth\": 2, \"numchild\": 2, \"title\": \"Rosamund Mather\", \"draft_title\": \"Home\", \"slug\": \"home\", \"content_type\": 2, \"live\": true, \"has_unpublished_changes\": false, \"url_path\": \"/home/\", \"owner\": null, \"seo_title\": \"\", \"show_in_menus\": false, \"search_description\": \"\", \"go_live_at\": null, \"expire_at\": null, \"expired\": false, \"locked\": false, \"first_published_at\": \"2019-10-16T20:54:08.549Z\", \"last_published_at\": \"2019-10-16T20:54:08.549Z\", \"latest_revision_created_at\": \"2019-10-16T20:54:08.445Z\", \"live_revision\": 1, \"body\": \"<p>Hello world! Here is my first Wagtail site. How exciting.</p>\"}", "approved_go_live_at": null}}, {"model": "wagtailcore.pagerevision", "pk": 27, "fields": {"page": 3, "submitted_for_moderation": false, "created_at": "2019-10-25T19:51:30.585Z", "user": 1, "content_json": "{\"pk\": 3, \"path\": \"00010001\", \"depth\": 2, \"numchild\": 2, \"title\": \"Rosamund's blog\", \"draft_title\": \"Rosamund Mather\", \"slug\": \"home\", \"content_type\": 2, \"live\": true, \"has_unpublished_changes\": false, \"url_path\": \"/home/\", \"owner\": null, \"seo_title\": \"\", \"show_in_menus\": false, \"search_description\": \"\", \"go_live_at\": null, \"expire_at\": null, \"expired\": false, \"locked\": false, \"first_published_at\": \"2019-10-16T20:54:08.549Z\", \"last_published_at\": \"2019-10-25T19:51:04.459Z\", \"latest_revision_created_at\": \"2019-10-25T19:51:03.821Z\", \"live_revision\": 26, \"body\": \"<p>Hello world! Here is my first Wagtail site. How exciting.</p>\"}", "approved_go_live_at": null}}, {"model": "wagtailcore.pagerevision", "pk": 28, "fields": {"page": 14, "submitted_for_moderation": false, "created_at": "2019-10-26T15:04:36.183Z", "user": 1, "content_json": "{\"pk\": 14, \"path\": \"0001000100010007\", \"depth\": 4, \"numchild\": 0, \"title\": \"Third post\", \"draft_title\": \"Third page\", \"slug\": \"third-post\", \"content_type\": 29, \"live\": true, \"has_unpublished_changes\": false, \"url_path\": \"/home/blog/third-page/\", \"owner\": 1, \"seo_title\": \"\", \"show_in_menus\": false, \"search_description\": \"\", \"go_live_at\": null, \"expire_at\": null, \"expired\": false, \"locked\": false, \"first_published_at\": \"2019-10-25T18:11:20.177Z\", \"last_published_at\": \"2019-10-25T18:11:20.177Z\", \"latest_revision_created_at\": \"2019-10-25T18:11:20.124Z\", \"live_revision\": 25, \"date\": \"2019-10-25\", \"intro\": \"Yet another test\", \"body\": \"<p>Lorem ipsum dolor sit amet, consetetur sadipscing elitr, sed diam nonumy eirmod tempor invidunt ut labore et dolore magna aliquyam erat, sed diam voluptua. At vero eos et accusam et justo duo dolores et ea rebum. Stet clita kasd gubergren, no sea takimata sanctus est Lorem ipsum dolor sit amet.</p>\", \"tagged_items\": [{\"pk\": null, \"tag\": 1, \"content_object\": 14}], \"gallery_images\": [], \"categories\": []}", "approved_go_live_at": null}}, {"model": "wagtailcore.pagerevision", "pk": 29, "fields": {"page": 3, "submitted_for_moderation": false, "created_at": "2019-10-30T17:40:35.316Z", "user": 1, "content_json": "{\"pk\": 3, \"path\": \"00010001\", \"depth\": 2, \"numchild\": 2, \"title\": \"Rosamund\", \"draft_title\": \"Rosamund's blog\", \"slug\": \"home\", \"content_type\": 2, \"live\": true, \"has_unpublished_changes\": false, \"url_path\": \"/home/\", \"owner\": null, \"seo_title\": \"\", \"show_in_menus\": false, \"search_description\": \"\", \"go_live_at\": null, \"expire_at\": null, \"expired\": false, \"locked\": false, \"first_published_at\": \"2019-10-16T20:54:08.549Z\", \"last_published_at\": \"2019-10-25T19:51:30.613Z\", \"latest_revision_created_at\": \"2019-10-25T19:51:30.585Z\", \"live_revision\": 27, \"body\": \"<p>Hello world! Here is my first Wagtail site. How exciting.</p>\"}", "approved_go_live_at": null}}, {"model": "wagtailcore.pagerevision", "pk": 30, "fields": {"page": 3, "submitted_for_moderation": false, "created_at": "2019-10-30T18:48:51.813Z", "user": 1, "content_json": "{\"pk\": 3, \"path\": \"00010001\", \"depth\": 2, \"numchild\": 2, \"title\": \"Rosamund\", \"draft_title\": \"Rosamund\", \"slug\": \"home\", \"content_type\": 2, \"live\": true, \"has_unpublished_changes\": false, \"url_path\": \"/home/\", \"owner\": null, \"seo_title\": \"\", \"show_in_menus\": false, \"search_description\": \"\", \"go_live_at\": null, \"expire_at\": null, \"expired\": false, \"locked\": false, \"first_published_at\": \"2019-10-16T20:54:08.549Z\", \"last_published_at\": \"2019-10-30T17:40:36.144Z\", \"latest_revision_created_at\": \"2019-10-30T17:40:35.316Z\", \"live_revision\": 29, \"body\": \"<p>Hello world! Here is my first Wagtail site. How exciting.</p><p>Lorem ipsum dolor sit amet, consetetur sadipscing elitr, sed diam nonumy eirmod tempor invidunt ut labore et dolore magna aliquyam erat, sed diam voluptua. At vero eos et accusam et justo duo dolores et ea rebum. Stet clita kasd gubergren, no sea takimata sanctus est Lorem ipsum dolor sit amet. Lorem ipsum dolor sit amet, consetetur sadipscing elitr, sed diam nonumy eirmod tempor invidunt ut labore et dolore magna aliquyam erat, sed diam voluptua. At vero eos et accusam et justo duo dolores et ea rebum. Stet clita kasd gubergren, no sea takimata sanctus est Lorem ipsum dolor sit amet.</p>\"}", "approved_go_live_at": null}}, {"model": "wagtailcore.pagerevision", "pk": 31, "fields": {"page": 3, "submitted_for_moderation": false, "created_at": "2019-10-30T19:05:15.672Z", "user": 1, "content_json": "{\"pk\": 3, \"path\": \"00010001\", \"depth\": 2, \"numchild\": 2, \"title\": \"Rosamund\", \"draft_title\": \"Rosamund\", \"slug\": \"home\", \"content_type\": 2, \"live\": true, \"has_unpublished_changes\": false, \"url_path\": \"/home/\", \"owner\": null, \"seo_title\": \"\", \"show_in_menus\": false, \"search_description\": \"\", \"go_live_at\": null, \"expire_at\": null, \"expired\": false, \"locked\": false, \"first_published_at\": \"2019-10-16T20:54:08.549Z\", \"last_published_at\": \"2019-10-30T18:48:51.874Z\", \"latest_revision_created_at\": \"2019-10-30T18:48:51.813Z\", \"live_revision\": 30, \"body\": \"<p>Lorem ipsum dolor sit amet, consetetur sadipscing elitr, sed diam nonumy eirmod tempor invidunt ut labore et dolore magna aliquyam erat, sed diam voluptua. At vero eos et accusam et justo duo dolores et ea rebum. Stet clita kasd gubergren, no sea takimata sanctus est Lorem ipsum dolor sit amet. Lorem ipsum dolor sit amet, consetetur sadipscing elitr, sed diam nonumy eirmod tempor invidunt ut labore et dolore magna aliquyam erat, sed diam voluptua. At vero eos et accusam et justo duo dolores et ea rebum. Stet clita kasd gubergren, no sea takimata sanctus est Lorem ipsum dolor sit amet.</p>\"}", "approved_go_live_at": null}}, {"model": "wagtailcore.pagerevision", "pk": 32, "fields": {"page": 15, "submitted_for_moderation": false, "created_at": "2019-10-31T10:48:16.785Z", "user": 1, "content_json": "{\"pk\": 15, \"path\": \"000100010003\", \"depth\": 3, \"numchild\": 0, \"title\": \"Test page about\", \"draft_title\": \"Test page about\", \"slug\": \"test-page-about\", \"content_type\": 34, \"live\": true, \"has_unpublished_changes\": false, \"url_path\": \"/home/test-page-about/\", \"owner\": 1, \"seo_title\": \"\", \"show_in_menus\": false, \"search_description\": \"\", \"go_live_at\": null, \"expire_at\": null, \"expired\": false, \"locked\": false, \"first_published_at\": null, \"last_published_at\": null, \"latest_revision_created_at\": null, \"live_revision\": null, \"body\": \"\"}", "approved_go_live_at": null}}, {"model": "wagtailcore.pagerevision", "pk": 33, "fields": {"page": 15, "submitted_for_moderation": false, "created_at": "2019-10-31T11:33:53.263Z", "user": 1, "content_json": "{\"pk\": 15, \"path\": \"000100010003\", \"depth\": 3, \"numchild\": 0, \"title\": \"About\", \"draft_title\": \"Test page about\", \"slug\": \"about\", \"content_type\": 34, \"live\": true, \"has_unpublished_changes\": false, \"url_path\": \"/home/test-page-about/\", \"owner\": 1, \"seo_title\": \"\", \"show_in_menus\": false, \"search_description\": \"\", \"go_live_at\": null, \"expire_at\": null, \"expired\": false, \"locked\": false, \"first_published_at\": \"2019-10-31T10:48:16.825Z\", \"last_published_at\": \"2019-10-31T10:48:16.825Z\", \"latest_revision_created_at\": \"2019-10-31T10:48:16.785Z\", \"live_revision\": 32, \"body\": \"<p>Here is some text about me.</p>\"}", "approved_go_live_at": null}}, {"model": "wagtailcore.pagerevision", "pk": 34, "fields": {"page": 3, "submitted_for_moderation": false, "created_at": "2019-11-02T11:23:31.754Z", "user": 1, "content_json": "{\"pk\": 3, \"path\": \"00010001\", \"depth\": 2, \"numchild\": 3, \"title\": \"Rosamund\", \"draft_title\": \"Rosamund\", \"slug\": \"home\", \"content_type\": 2, \"live\": true, \"has_unpublished_changes\": false, \"url_path\": \"/home/\", \"owner\": null, \"seo_title\": \"\", \"show_in_menus\": false, \"search_description\": \"\", \"go_live_at\": null, \"expire_at\": null, \"expired\": false, \"locked\": false, \"first_published_at\": \"2019-10-16T20:54:08.549Z\", \"last_published_at\": \"2019-10-30T19:05:15.754Z\", \"latest_revision_created_at\": \"2019-10-30T19:05:15.672Z\", \"live_revision\": 31, \"body\": \"<p>My name&#x27;s Rosamund. I&#x27;m a recovering translator and editor, making steps into the world of web development. This is where you can follow my journey. (And if you are interested in my past professional life, have a snoop [here]).</p>\"}", "approved_go_live_at": null}}, {"model": "wagtailcore.pagerevision", "pk": 35, "fields": {"page": 3, "submitted_for_moderation": false, "created_at": "2019-11-02T11:24:44.633Z", "user": 1, "content_json": "{\"pk\": 3, \"path\": \"00010001\", \"depth\": 2, \"numchild\": 3, \"title\": \"Rosamund\", \"draft_title\": \"Rosamund\", \"slug\": \"home\", \"content_type\": 2, \"live\": true, \"has_unpublished_changes\": false, \"url_path\": \"/home/\", \"owner\": null, \"seo_title\": \"\", \"show_in_menus\": false, \"search_description\": \"\", \"go_live_at\": null, \"expire_at\": null, \"expired\": false, \"locked\": false, \"first_published_at\": \"2019-10-16T20:54:08.549Z\", \"last_published_at\": \"2019-11-02T11:23:32.014Z\", \"latest_revision_created_at\": \"2019-11-02T11:23:31.754Z\", \"live_revision\": 34, \"body\": \"<p>My name&#x27;s Rosamund. I&#x27;m a recovering translator and copywriter, making steps into the world of web development. This is where you can follow my journey.</p>\"}", "approved_go_live_at": null}}, {"model": "wagtailcore.pagerevision", "pk": 36, "fields": {"page": 3, "submitted_for_moderation": false, "created_at": "2019-11-02T11:25:08.204Z", "user": 1, "content_json": "{\"pk\": 3, \"path\": \"00010001\", \"depth\": 2, \"numchild\": 3, \"title\": \"Rosamund\", \"draft_title\": \"Rosamund\", \"slug\": \"home\", \"content_type\": 2, \"live\": true, \"has_unpublished_changes\": false, \"url_path\": \"/home/\", \"owner\": null, \"seo_title\": \"\", \"show_in_menus\": false, \"search_description\": \"\", \"go_live_at\": null, \"expire_at\": null, \"expired\": false, \"locked\": false, \"first_published_at\": \"2019-10-16T20:54:08.549Z\", \"last_published_at\": \"2019-11-02T11:24:44.662Z\", \"latest_revision_created_at\": \"2019-11-02T11:24:44.633Z\", \"live_revision\": 35, \"body\": \"<p>My name&#x27;s Rosamund and I live in Berlin, Germany. I&#x27;m a recovering translator and copywriter, making steps into the world of web development. This is where you can follow my journey.</p>\"}", "approved_go_live_at": null}}, {"model": "wagtailcore.pagerevision", "pk": 37, "fields": {"page": 3, "submitted_for_moderation": false, "created_at": "2019-11-02T11:26:14.881Z", "user": 1, "content_json": "{\"pk\": 3, \"path\": \"00010001\", \"depth\": 2, \"numchild\": 3, \"title\": \"Rosamund\", \"draft_title\": \"Rosamund\", \"slug\": \"home\", \"content_type\": 2, \"live\": true, \"has_unpublished_changes\": false, \"url_path\": \"/home/\", \"owner\": null, \"seo_title\": \"\", \"show_in_menus\": false, \"search_description\": \"\", \"go_live_at\": null, \"expire_at\": null, \"expired\": false, \"locked\": false, \"first_published_at\": \"2019-10-16T20:54:08.549Z\", \"last_published_at\": \"2019-11-02T11:25:08.227Z\", \"latest_revision_created_at\": \"2019-11-02T11:25:08.204Z\", \"live_revision\": 36, \"body\": \"<p>My name&#x27;s Rosamund and I live in Berlin, Germany. I&#x27;m a recovering translator and copywriter crossing over into the world of web development. This blog is where you can follow my journey in riveting detail.</p>\"}", "approved_go_live_at": null}}, {"model": "wagtailcore.pagerevision", "pk": 38, "fields": {"page": 3, "submitted_for_moderation": false, "created_at": "2019-11-02T11:26:43.958Z", "user": 1, "content_json": "{\"pk\": 3, \"path\": \"00010001\", \"depth\": 2, \"numchild\": 3, \"title\": \"Rosamund\", \"draft_title\": \"Rosamund\", \"slug\": \"home\", \"content_type\": 2, \"live\": true, \"has_unpublished_changes\": false, \"url_path\": \"/home/\", \"owner\": null, \"seo_title\": \"\", \"show_in_menus\": false, \"search_description\": \"\", \"go_live_at\": null, \"expire_at\": null, \"expired\": false, \"locked\": false, \"first_published_at\": \"2019-10-16T20:54:08.549Z\", \"last_published_at\": \"2019-11-02T11:26:14.971Z\", \"latest_revision_created_at\": \"2019-11-02T11:26:14.881Z\", \"live_revision\": 37, \"body\": \"<p>My name&#x27;s Rosamund and I live in Berlin, Germany. I&#x27;m a recovering translator / copywriter / journalist / editor crossing over into the world of web development. This blog is where you can follow my journey in riveting detail.</p>\"}", "approved_go_live_at": null}}, {"model": "wagtailcore.pagerevision", "pk": 39, "fields": {"page": 3, "submitted_for_moderation": false, "created_at": "2019-11-02T11:28:05.317Z", "user": 1, "content_json": "{\"pk\": 3, \"path\": \"00010001\", \"depth\": 2, \"numchild\": 3, \"title\": \"Rosamund\", \"draft_title\": \"Rosamund\", \"slug\": \"home\", \"content_type\": 2, \"live\": true, \"has_unpublished_changes\": false, \"url_path\": \"/home/\", \"owner\": null, \"seo_title\": \"\", \"show_in_menus\": false, \"search_description\": \"\", \"go_live_at\": null, \"expire_at\": null, \"expired\": false, \"locked\": false, \"first_published_at\": \"2019-10-16T20:54:08.549Z\", \"last_published_at\": \"2019-11-02T11:26:44.051Z\", \"latest_revision_created_at\": \"2019-11-02T11:26:43.958Z\", \"live_revision\": 38, \"body\": \"<p>My name&#x27;s Rosamund and I live in Berlin, Germany. I&#x27;m a recovering professional words person (translation, copywriting, journalism, editing) on her way to becoming a professional code person. This blog is where you can follow my journey in riveting detail.</p>\"}", "approved_go_live_at": null}}, {"model": "wagtailcore.pagerevision", "pk": 40, "fields": {"page": 3, "submitted_for_moderation": false, "created_at": "2019-11-02T11:28:55.618Z", "user": 1, "content_json": "{\"pk\": 3, \"path\": \"00010001\", \"depth\": 2, \"numchild\": 3, \"title\": \"Rosamund\", \"draft_title\": \"Rosamund\", \"slug\": \"home\", \"content_type\": 2, \"live\": true, \"has_unpublished_changes\": false, \"url_path\": \"/home/\", \"owner\": null, \"seo_title\": \"\", \"show_in_menus\": false, \"search_description\": \"\", \"go_live_at\": null, \"expire_at\": null, \"expired\": false, \"locked\": false, \"first_published_at\": \"2019-10-16T20:54:08.549Z\", \"last_published_at\": \"2019-11-02T11:28:05.390Z\", \"latest_revision_created_at\": \"2019-11-02T11:28:05.317Z\", \"live_revision\": 39, \"body\": \"<p>My name&#x27;s Rosamund and I live in Berlin, Germany. I&#x27;m a recovering professional words person (translation, copywriting, journalism, editing) on the way to becoming a professional code person. This blog is where you can follow my journey in riveting detail.</p>\"}", "approved_go_live_at": null}}, {"model": "wagtailcore.pagerevision", "pk": 41, "fields": {"page": 3, "submitted_for_moderation": false, "created_at": "2019-11-02T11:29:23.273Z", "user": 1, "content_json": "{\"pk\": 3, \"path\": \"00010001\", \"depth\": 2, \"numchild\": 3, \"title\": \"Rosamund\", \"draft_title\": \"Rosamund\", \"slug\": \"home\", \"content_type\": 2, \"live\": true, \"has_unpublished_changes\": false, \"url_path\": \"/home/\", \"owner\": null, \"seo_title\": \"\", \"show_in_menus\": false, \"search_description\": \"\", \"go_live_at\": null, \"expire_at\": null, \"expired\": false, \"locked\": false, \"first_published_at\": \"2019-10-16T20:54:08.549Z\", \"last_published_at\": \"2019-11-02T11:28:55.731Z\", \"latest_revision_created_at\": \"2019-11-02T11:28:55.618Z\", \"live_revision\": 40, \"body\": \"<p>My name&#x27;s Rosamund and I live in Berlin, Germany. I&#x27;m a recovering professional words person (translation, copywriting, journalism, editing) on the way to becoming a professional code person. Or maybe a bit of both, who knows? Anyway, this blog is where you can follow my journey in riveting detail.</p>\"}", "approved_go_live_at": null}}, {"model": "wagtailcore.pagerevision", "pk": 42, "fields": {"page": 3, "submitted_for_moderation": false, "created_at": "2019-11-02T11:57:13.016Z", "user": 1, "content_json": "{\"pk\": 3, \"path\": \"00010001\", \"depth\": 2, \"numchild\": 3, \"title\": \"Rosamund\", \"draft_title\": \"Rosamund\", \"slug\": \"home\", \"content_type\": 2, \"live\": true, \"has_unpublished_changes\": false, \"url_path\": \"/home/\", \"owner\": null, \"seo_title\": \"\", \"show_in_menus\": false, \"search_description\": \"\", \"go_live_at\": null, \"expire_at\": null, \"expired\": false, \"locked\": false, \"first_published_at\": \"2019-10-16T20:54:08.549Z\", \"last_published_at\": \"2019-11-02T11:29:23.300Z\", \"latest_revision_created_at\": \"2019-11-02T11:29:23.273Z\", \"live_revision\": 41, \"body\": \"<p>My name&#x27;s Rosamund and I live in Berlin, Germany. I&#x27;m a recovering professional words person (translation, copywriting, journalism, editing) on the way to becoming a professional code person. This blog is where you can follow my journey in riveting detail, as well as find out why it&#x27;s not as much of a career U-turn as you might imagine.</p>\"}", "approved_go_live_at": null}}, {"model": "wagtailcore.pagerevision", "pk": 43, "fields": {"page": 3, "submitted_for_moderation": false, "created_at": "2019-11-02T11:57:47.934Z", "user": 1, "content_json": "{\"pk\": 3, \"path\": \"00010001\", \"depth\": 2, \"numchild\": 3, \"title\": \"Rosamund\", \"draft_title\": \"Rosamund\", \"slug\": \"home\", \"content_type\": 2, \"live\": true, \"has_unpublished_changes\": false, \"url_path\": \"/home/\", \"owner\": null, \"seo_title\": \"\", \"show_in_menus\": false, \"search_description\": \"\", \"go_live_at\": null, \"expire_at\": null, \"expired\": false, \"locked\": false, \"first_published_at\": \"2019-10-16T20:54:08.549Z\", \"last_published_at\": \"2019-11-02T11:57:14.246Z\", \"latest_revision_created_at\": \"2019-11-02T11:57:13.016Z\", \"live_revision\": 42, \"body\": \"<p>My name&#x27;s Rosamund and I live in Berlin, Germany. I&#x27;m a recovering professional words person (translation, copywriting, journalism, editing) on the way to becoming a professional code person. This blog is where you can follow my journey and find out why it&#x27;s not as much of a career U-turn as you might imagine.</p>\"}", "approved_go_live_at": null}}, {"model": "wagtailcore.pagerevision", "pk": 44, "fields": {"page": 3, "submitted_for_moderation": false, "created_at": "2019-11-02T11:58:05.840Z", "user": 1, "content_json": "{\"pk\": 3, \"path\": \"00010001\", \"depth\": 2, \"numchild\": 3, \"title\": \"Rosamund\", \"draft_title\": \"Rosamund\", \"slug\": \"home\", \"content_type\": 2, \"live\": true, \"has_unpublished_changes\": false, \"url_path\": \"/home/\", \"owner\": null, \"seo_title\": \"\", \"show_in_menus\": false, \"search_description\": \"\", \"go_live_at\": null, \"expire_at\": null, \"expired\": false, \"locked\": false, \"first_published_at\": \"2019-10-16T20:54:08.549Z\", \"last_published_at\": \"2019-11-02T11:57:47.958Z\", \"latest_revision_created_at\": \"2019-11-02T11:57:47.934Z\", \"live_revision\": 43, \"body\": \"<p>My name&#x27;s Rosamund and I live in Berlin, Germany. I&#x27;m a recovering professional words person (translation, copywriting, journalism, editing) on the way to becoming a professional code person. This blog is where you can follow my journey and find out why this isn&#x27;t as much of a career U-turn as you might imagine.</p>\"}", "approved_go_live_at": null}}, {"model": "wagtailcore.pagerevision", "pk": 45, "fields": {"page": 3, "submitted_for_moderation": false, "created_at": "2019-11-02T11:58:16.141Z", "user": 1, "content_json": "{\"pk\": 3, \"path\": \"00010001\", \"depth\": 2, \"numchild\": 3, \"title\": \"Rosamund\", \"draft_title\": \"Rosamund\", \"slug\": \"home\", \"content_type\": 2, \"live\": true, \"has_unpublished_changes\": false, \"url_path\": \"/home/\", \"owner\": null, \"seo_title\": \"\", \"show_in_menus\": false, \"search_description\": \"\", \"go_live_at\": null, \"expire_at\": null, \"expired\": false, \"locked\": false, \"first_published_at\": \"2019-10-16T20:54:08.549Z\", \"last_published_at\": \"2019-11-02T11:58:05.865Z\", \"latest_revision_created_at\": \"2019-11-02T11:58:05.840Z\", \"live_revision\": 44, \"body\": \"<p>My name&#x27;s Rosamund and I live in Berlin, Germany. I&#x27;m a recovering professional words person (translation, copywriting, journalism, editing) on the way to becoming a professional code person. </p><p>This blog is where you can follow my journey and find out why this isn&#x27;t as much of a career U-turn as you might imagine.</p>\"}", "approved_go_live_at": null}}, {"model": "wagtailcore.pagerevision", "pk": 46, "fields": {"page": 3, "submitted_for_moderation": false, "created_at": "2019-11-02T13:09:40.724Z", "user": 1, "content_json": "{\"pk\": 3, \"path\": \"00010001\", \"depth\": 2, \"numchild\": 3, \"title\": \"Rosamund\", \"draft_title\": \"Rosamund\", \"slug\": \"home\", \"content_type\": 2, \"live\": true, \"has_unpublished_changes\": false, \"url_path\": \"/home/\", \"owner\": null, \"seo_title\": \"\", \"show_in_menus\": false, \"search_description\": \"\", \"go_live_at\": null, \"expire_at\": null, \"expired\": false, \"locked\": false, \"first_published_at\": \"2019-10-16T20:54:08.549Z\", \"last_published_at\": \"2019-11-02T11:58:16.174Z\", \"latest_revision_created_at\": \"2019-11-02T11:58:16.141Z\", \"live_revision\": 45, \"body\": \"<p>My name&#x27;s Rosamund and I live in Berlin, Germany. I&#x27;m a recovering professional words person (translation, copywriting, journalism, editing) on the way to becoming a professional code person.</p><p>This blog is where you can follow my journey and find out why this isn&#x27;t as much of a career U-turn as you might imagine.</p><p></p><p>[PHOTO?????]</p>\"}", "approved_go_live_at": null}}, {"model": "wagtailcore.pagerevision", "pk": 63, "fields": {"page": 15, "submitted_for_moderation": false, "created_at": "2019-11-02T14:05:41.801Z", "user": 1, "content_json": "{\"pk\": 15, \"path\": \"000100010003\", \"depth\": 3, \"numchild\": 0, \"title\": \"About\", \"draft_title\": \"About\", \"slug\": \"about\", \"content_type\": 34, \"live\": true, \"has_unpublished_changes\": false, \"url_path\": \"/home/about/\", \"owner\": 1, \"seo_title\": \"\", \"show_in_menus\": false, \"search_description\": \"\", \"go_live_at\": null, \"expire_at\": null, \"expired\": false, \"locked\": false, \"first_published_at\": \"2019-10-31T10:48:16.825Z\", \"last_published_at\": \"2019-10-31T11:33:53.479Z\", \"latest_revision_created_at\": \"2019-10-31T11:33:53.263Z\", \"live_revision\": 33, \"body\": \"<p></p><p></p><p><b>2002\\u20132009</b> Secondary education in West Norfolk, England</p><p><b>2009\\u20132013</b> BA degree in French &amp; German @ University of Leicester, including semesters in Li\\u00e8ge, Belgium and Linz, Austria; named top graduate in German</p><p><b>2013\\u20132014</b> British Council language assistantship in Rimouski, Quebec</p><p><b>2014\\u00a0</b>Relocation to Berlin, Germany</p>\"}", "approved_go_live_at": null}}, {"model": "wagtailcore.pagerevision", "pk": 64, "fields": {"page": 15, "submitted_for_moderation": false, "created_at": "2019-11-02T14:06:06.437Z", "user": 1, "content_json": "{\"pk\": 15, \"path\": \"000100010003\", \"depth\": 3, \"numchild\": 0, \"title\": \"About\", \"draft_title\": \"About\", \"slug\": \"about\", \"content_type\": 34, \"live\": true, \"has_unpublished_changes\": false, \"url_path\": \"/home/about/\", \"owner\": 1, \"seo_title\": \"\", \"show_in_menus\": false, \"search_description\": \"\", \"go_live_at\": null, \"expire_at\": null, \"expired\": false, \"locked\": false, \"first_published_at\": \"2019-10-31T10:48:16.825Z\", \"last_published_at\": \"2019-11-02T14:05:41.870Z\", \"latest_revision_created_at\": \"2019-11-02T14:05:41.801Z\", \"live_revision\": 63, \"body\": \"<p>Content &amp; QA Manager @ Jonas und der Wolf</p><p><a href=\\\"https://rosamundmather.com/hire-me/\\\">Still taking freelance writing, editing, and translation commissions!</a></p><p>Expanding my knowledge of HTML/CSS/JS</p><p>Learning to program in Python/Django</p><p>Editing first draft of novel manuscript</p><p>Researching for non-fiction/memoir project</p><p>Improving passive knowledge of Russian</p><p>Daydreaming about translating French Canadian literature</p><p>Devouring as many books as time allows</p><p></p><p><b>2002\\u20132009</b> Secondary education in West Norfolk, England</p><p><b>2009\\u20132013</b> BA degree in French &amp; German @ University of Leicester, including semesters in Li\\u00e8ge, Belgium and Linz, Austria; named top graduate in German</p><p><b>2013\\u20132014</b> British Council language assistantship in Rimouski, Quebec</p><p><b>2014\\u00a0</b>Relocation to Berlin, Germany</p>\"}", "approved_go_live_at": null}}, {"model": "wagtailcore.pagerevision", "pk": 65, "fields": {"page": 15, "submitted_for_moderation": false, "created_at": "2019-11-02T14:07:09.818Z", "user": 1, "content_json": "{\"pk\": 15, \"path\": \"000100010003\", \"depth\": 3, \"numchild\": 0, \"title\": \"About\", \"draft_title\": \"About\", \"slug\": \"about\", \"content_type\": 34, \"live\": true, \"has_unpublished_changes\": false, \"url_path\": \"/home/about/\", \"owner\": 1, \"seo_title\": \"\", \"show_in_menus\": false, \"search_description\": \"\", \"go_live_at\": null, \"expire_at\": null, \"expired\": false, \"locked\": false, \"first_published_at\": \"2019-10-31T10:48:16.825Z\", \"last_published_at\": \"2019-11-02T14:06:06.715Z\", \"latest_revision_created_at\": \"2019-11-02T14:06:06.437Z\", \"live_revision\": 64, \"body\": \"<p>Content &amp; QA Manager @ Jonas und der Wolf</p><p><a href=\\\"https://rosamundmather.com/hire-me/\\\">Still taking freelance writing, editing, and translation commissions!</a></p><p>Expanding my knowledge of HTML/CSS</p><p>Learning to program in Python/Django</p><p>Editing first draft of novel manuscript</p><p>Researching for non-fiction/memoir project</p><p>Improving passive knowledge of Russian</p><p>Daydreaming about translating French Canadian literature</p><p>Devouring as many books as time allows</p><p></p><p><b>2002\\u20132009</b> Secondary education in West Norfolk, England</p><p><b>2009\\u20132013</b> BA degree in French &amp; German @ University of Leicester, including semesters in Li\\u00e8ge, Belgium and Linz, Austria; named top graduate in German</p><p><b>2013\\u20132014</b> British Council language assistantship in Rimouski, Quebec</p><p><b>2014\\u00a0</b>Relocation to Berlin, Germany</p>\"}", "approved_go_live_at": null}}, {"model": "wagtailcore.pagerevision", "pk": 66, "fields": {"page": 3, "submitted_for_moderation": false, "created_at": "2019-11-02T14:12:39.478Z", "user": 1, "content_json": "{\"pk\": 3, \"path\": \"00010001\", \"depth\": 2, \"numchild\": 3, \"title\": \"Rosamund\", \"draft_title\": \"Rosamund\", \"slug\": \"home\", \"content_type\": 2, \"live\": true, \"has_unpublished_changes\": false, \"url_path\": \"/home/\", \"owner\": null, \"seo_title\": \"\", \"show_in_menus\": false, \"search_description\": \"\", \"go_live_at\": null, \"expire_at\": null, \"expired\": false, \"locked\": false, \"first_published_at\": \"2019-10-16T20:54:08.549Z\", \"last_published_at\": \"2019-11-02T13:09:41.326Z\", \"latest_revision_created_at\": \"2019-11-02T13:09:40.724Z\", \"live_revision\": 46, \"body\": \"<p>My name&#x27;s Rosamund and I live in Berlin, Germany. I&#x27;m a recovering professional words person (translation, copywriting, journalism, editing) on the way to becoming a professional code person.</p><p>This blog is where you can follow my journey and find out why this isn&#x27;t as much of a career U-turn as you might imagine.</p>\"}", "approved_go_live_at": null}}, {"model": "wagtailcore.pagerevision", "pk": 67, "fields": {"page": 15, "submitted_for_moderation": false, "created_at": "2019-11-02T14:13:29.356Z", "user": 1, "content_json": "{\"pk\": 15, \"path\": \"000100010003\", \"depth\": 3, \"numchild\": 0, \"title\": \"About\", \"draft_title\": \"About\", \"slug\": \"about\", \"content_type\": 34, \"live\": true, \"has_unpublished_changes\": false, \"url_path\": \"/home/about/\", \"owner\": 1, \"seo_title\": \"\", \"show_in_menus\": false, \"search_description\": \"\", \"go_live_at\": null, \"expire_at\": null, \"expired\": false, \"locked\": false, \"first_published_at\": \"2019-10-31T10:48:16.825Z\", \"last_published_at\": \"2019-11-02T14:07:09.864Z\", \"latest_revision_created_at\": \"2019-11-02T14:07:09.818Z\", \"live_revision\": 65, \"body\": \"<h2><b>NOW:</b></h2><p>Content &amp; QA Manager</p><p>Expanding my knowledge of HTML/CSS</p><p>Learning to program in Python/Django</p><p>Editing first draft of novel manuscript</p><p>Researching for non-fiction/memoir project</p><p>Improving passive knowledge of Russian</p><p>Daydreaming about translating French Canadian literature</p><p>Devouring as many books as time allows</p><p></p><h2><b>THEN:</b></h2><p><b>2002\\u20132009</b> Secondary education in West Norfolk, England</p><p><b>2009\\u20132013</b> BA degree in French &amp; German @ University of Leicester, including semesters in Li\\u00e8ge, Belgium and Linz, Austria; named top graduate in German</p><p><b>2013\\u20132014</b> British Council language assistantship in Rimouski, Quebec</p><p><b>2014\\u00a0</b>Relocation to Berlin, Germany</p>\"}", "approved_go_live_at": null}}, {"model": "wagtailcore.pagerevision", "pk": 68, "fields": {"page": 15, "submitted_for_moderation": false, "created_at": "2019-11-02T14:13:53.593Z", "user": 1, "content_json": "{\"pk\": 15, \"path\": \"000100010003\", \"depth\": 3, \"numchild\": 0, \"title\": \"About\", \"draft_title\": \"About\", \"slug\": \"about\", \"content_type\": 34, \"live\": true, \"has_unpublished_changes\": false, \"url_path\": \"/home/about/\", \"owner\": 1, \"seo_title\": \"\", \"show_in_menus\": false, \"search_description\": \"\", \"go_live_at\": null, \"expire_at\": null, \"expired\": false, \"locked\": false, \"first_published_at\": \"2019-10-31T10:48:16.825Z\", \"last_published_at\": \"2019-11-02T14:13:29.385Z\", \"latest_revision_created_at\": \"2019-11-02T14:13:29.356Z\", \"live_revision\": 67, \"body\": \"<h4><b>NOW:</b></h4><p>Content &amp; QA Manager</p><p>Expanding my knowledge of HTML/CSS</p><p>Learning to program in Python/Django</p><p>Editing first draft of novel manuscript</p><p>Researching for non-fiction/memoir project</p><p>Improving passive knowledge of Russian</p><p>Daydreaming about translating French Canadian literature</p><p>Devouring as many books as time allows</p><p></p><h4><b>THEN:</b></h4><p><b>2002\\u20132009</b> Secondary education in West Norfolk, England</p><p><b>2009\\u20132013</b> BA degree in French &amp; German @ University of Leicester, including semesters in Li\\u00e8ge, Belgium and Linz, Austria; named top graduate in German</p><p><b>2013\\u20132014</b> British Council language assistantship in Rimouski, Quebec</p><p><b>2014\\u00a0</b>Relocation to Berlin, Germany</p>\"}", "approved_go_live_at": null}}, {"model": "wagtailcore.pagerevision", "pk": 69, "fields": {"page": 10, "submitted_for_moderation": false, "created_at": "2019-11-02T14:17:35.707Z", "user": 1, "content_json": "{\"pk\": 10, \"path\": \"0001000100010004\", \"depth\": 4, \"numchild\": 0, \"title\": \"Hello, world!\", \"draft_title\": \"Hello world\", \"slug\": \"hello-world\", \"content_type\": 29, \"live\": true, \"has_unpublished_changes\": false, \"url_path\": \"/home/blog/hello-world/\", \"owner\": 1, \"seo_title\": \"\", \"show_in_menus\": false, \"search_description\": \"\", \"go_live_at\": null, \"expire_at\": null, \"expired\": false, \"locked\": false, \"first_published_at\": \"2019-10-24T08:16:23.475Z\", \"last_published_at\": \"2019-10-24T08:21:45.441Z\", \"latest_revision_created_at\": \"2019-10-24T08:21:45.395Z\", \"live_revision\": 21, \"date\": \"2019-10-24\", \"body\": \"<p>Hi! You may be familiar with my <a href=\\\"https://www.roseailleurs.net/\\\">old blog</a>. Fear not, for you can still access the archives <a href=\\\"https://roseailleurs.blogspot.com/\\\">here</a>. But for reasons that will become clear as you read my last post there, it seems natural to lay that one to rest and have a new focus.</p><p>There are the three main reasons I\\u2019m writing this here now:</p><ol><li><b>The old one is\\u2026 well, old.</b><br/>I started it in 2012. Although in some ways I am fundamentally the same person, there are even more ways in which I\\u2019m not.<br/></li><li><b>I\\u2019m pivoting careers.</b><br/>This summer, I decided I wanted to learn more about web development so that I could do my job better. This month, I decided I wanted to heavily integrate it into my career. I had my Rubicon moment (will be writing a post specifically about that soon).<br/>Anyway, I\\u2019ve been reading a lot of material targeted towards people starting coding careers. One almost unanimous piece of advice is to start a blog. It turns out that if you\\u2019re going to learn to code, you have to give it your all. You can\\u2019t be casual, because not only is there a load of new information to take in, it is also a massive learning curve and so much of this will be through trial and error. Luckily, I\\u2019m pretty good at documenting stuff already, so of course the opportunity to write and reflect even more was one that I was going to take up straight away.<br/></li><li><b>I want a decent web app to show off.</b><br/>One that I\\u2019m actually going to be using and updating; that isn\\u2019t just there to fill up space on GitHub. See above. No good trying to becoming a dev if there\\u2019s nothing you\\u2019ve actually dev\\u2019d.</li></ol><p></p><p>I still had  a load of drafts and ideas for my old blog, so I\\u2019m also going to be writing about some non-coding topics here as well. But at the moment, this is where my main focus lies.</p>\", \"tagged_items\": [{\"pk\": null, \"tag\": 1, \"content_object\": 10}], \"gallery_images\": [], \"categories\": []}", "approved_go_live_at": null}}, {"model": "wagtailcore.pagerevision", "pk": 70, "fields": {"page": 10, "submitted_for_moderation": false, "created_at": "2019-11-02T14:18:28.014Z", "user": 1, "content_json": "{\"pk\": 10, \"path\": \"0001000100010004\", \"depth\": 4, \"numchild\": 0, \"title\": \"Hello, world!\", \"draft_title\": \"Hello, world!\", \"slug\": \"hello-world\", \"content_type\": 29, \"live\": true, \"has_unpublished_changes\": false, \"url_path\": \"/home/blog/hello-world/\", \"owner\": 1, \"seo_title\": \"\", \"show_in_menus\": false, \"search_description\": \"\", \"go_live_at\": null, \"expire_at\": null, \"expired\": false, \"locked\": false, \"first_published_at\": \"2019-10-24T08:16:23.475Z\", \"last_published_at\": \"2019-11-02T14:17:35.742Z\", \"latest_revision_created_at\": \"2019-11-02T14:17:35.707Z\", \"live_revision\": 69, \"date\": \"2019-10-24\", \"body\": \"<p>Hi! You may be familiar with my <a href=\\\"https://www.roseailleurs.net/\\\">old blog</a>. Fear not, for you can still access the archives <a href=\\\"https://roseailleurs.blogspot.com/\\\">here</a>. But for reasons that will become clear as you read my last post there, it seems natural to lay that one to rest and have a new focus.</p><p>There are the three main reasons I\\u2019m writing this here now:</p><ol><li><b>The old one is\\u2026 well, old.</b><br/>I started it in 2012. Although in some ways I am fundamentally the same person, there are even more ways in which I\\u2019m not.<br/><br/></li><li><b>I\\u2019m pivoting careers.</b><br/>This summer, I decided I wanted to learn more about web development so that I could do my job better. This month, I decided I wanted to heavily integrate it into my career. I had my Rubicon moment (will be writing a post specifically about that soon).<br/>Anyway, I\\u2019ve been reading a lot of material targeted towards people starting coding careers. One almost unanimous piece of advice is to start a blog. It turns out that if you\\u2019re going to learn to code, you have to give it your all. You can\\u2019t be casual, because not only is there a load of new information to take in, it is also a massive learning curve and so much of this will be through trial and error. Luckily, I\\u2019m pretty good at documenting stuff already, so of course the opportunity to write and reflect even more was one that I was going to take up straight away.<br/><br/></li><li><b>I want a decent web app to show off.</b><br/>One that I\\u2019m actually going to be using and updating; that isn\\u2019t just there to fill up space on GitHub. See above. No good trying to becoming a dev if there\\u2019s nothing you\\u2019ve actually dev\\u2019d.</li></ol><p></p><p>I still had a load of drafts and ideas for my old blog, so I\\u2019m also going to be writing about some non-coding topics here as well. But at the moment, this is where my main focus lies.</p>\", \"tagged_items\": [{\"pk\": null, \"tag\": 1, \"content_object\": 10}], \"gallery_images\": [], \"categories\": []}", "approved_go_live_at": null}}, {"model": "wagtailcore.pagerevision", "pk": 71, "fields": {"page": 10, "submitted_for_moderation": false, "created_at": "2019-11-02T14:21:29.887Z", "user": 1, "content_json": "{\"pk\": 10, \"path\": \"0001000100010004\", \"depth\": 4, \"numchild\": 0, \"title\": \"Hello, world!\", \"draft_title\": \"Hello, world!\", \"slug\": \"hello-world\", \"content_type\": 29, \"live\": true, \"has_unpublished_changes\": false, \"url_path\": \"/home/blog/hello-world/\", \"owner\": 1, \"seo_title\": \"\", \"show_in_menus\": false, \"search_description\": \"\", \"go_live_at\": null, \"expire_at\": null, \"expired\": false, \"locked\": false, \"first_published_at\": \"2019-10-24T08:16:23.475Z\", \"last_published_at\": \"2019-11-02T14:18:28.093Z\", \"latest_revision_created_at\": \"2019-11-02T14:18:28.014Z\", \"live_revision\": 70, \"date\": \"2019-10-24\", \"body\": \"<p>Hi! You may be familiar with my <a href=\\\"https://www.roseailleurs.net/\\\">old blog</a>. Fear not, for you can still access the archives <a href=\\\"https://roseailleurs.blogspot.com/\\\">here</a>. But for reasons that will become clear as you read my last post there, it seems natural to lay that one to rest and have a new focus.</p><p>I&#x27;ve been using <a href=\\\"https://wagtail.io/\\\">Wagtail</a> to build this new blog. As both a professional content manager and an aspiring developer, I really it like so far. You will be reading this when it&#x27;s deployed (read: live) and thus in a semi-passable aesthetic state, but as I write this post, the blog is not finished \\u2014 not even slightly. But I look forward to when it is up for the world to see, and to be honest, I&#x27;m even more looking forward to having the autonomy and skills to make it work and look however I want.</p><p></p><p>There are three main hows and whys for all this:</p><ol><li><b>The old blog is\\u2026 well, old.</b><br/>I started it in 2012. Although in some ways I am fundamentally the same person, there are even more ways in which I\\u2019m not.<br/><br/></li><li><b>I\\u2019m pivoting careers.</b><br/>This summer, I decided I wanted to learn more about web development so that I could do my job better. This month, I decided I wanted to heavily integrate it into my career. I had my Rubicon moment (will be writing a post specifically about that soon).<br/>Anyway, I\\u2019ve been reading a lot of material targeted towards people starting coding careers. One almost unanimous piece of advice is to start a blog. It turns out that if you\\u2019re going to learn to code, you have to give it your all. You can\\u2019t be casual, because not only is there a load of new information to take in, it is also a massive learning curve and so much of this will be through trial and error. Luckily, I\\u2019m pretty good at documenting stuff already, so of course the opportunity to write and reflect even more was one that I was going to take up straight away.<br/><br/></li><li><b>I want a decent web app to show off.</b><br/>One that I\\u2019m actually going to be using and updating; that isn\\u2019t just there to fill up space on GitHub. See above. No good trying to becoming a dev if there\\u2019s nothing you\\u2019ve actually dev\\u2019d.</li></ol><p></p><p>I still had a load of drafts and ideas for my old blog, so I\\u2019m also going to be writing about some non-coding topics here as well. It&#x27;ll be a good mix. But at the moment, this is where my main focus lies.</p>\", \"tagged_items\": [{\"pk\": null, \"tag\": 1, \"content_object\": 10}], \"gallery_images\": [], \"categories\": []}", "approved_go_live_at": null}}, {"model": "wagtailcore.pagerevision", "pk": 72, "fields": {"page": 10, "submitted_for_moderation": false, "created_at": "2019-11-02T14:22:59.548Z", "user": 1, "content_json": "{\"pk\": 10, \"path\": \"0001000100010004\", \"depth\": 4, \"numchild\": 0, \"title\": \"Hello, world!\", \"draft_title\": \"Hello, world!\", \"slug\": \"hello-world\", \"content_type\": 29, \"live\": true, \"has_unpublished_changes\": false, \"url_path\": \"/home/blog/hello-world/\", \"owner\": 1, \"seo_title\": \"\", \"show_in_menus\": false, \"search_description\": \"\", \"go_live_at\": null, \"expire_at\": null, \"expired\": false, \"locked\": false, \"first_published_at\": \"2019-10-24T08:16:23.475Z\", \"last_published_at\": \"2019-11-02T14:21:29.917Z\", \"latest_revision_created_at\": \"2019-11-02T14:21:29.887Z\", \"live_revision\": 71, \"date\": \"2019-10-24\", \"body\": \"<p>Hi! You may be familiar with my <a href=\\\"https://www.roseailleurs.net/\\\">old blog</a>. Fear not, for you can still access the archives <a href=\\\"https://roseailleurs.blogspot.com/\\\">here</a>. But for reasons that will become clear as you read my last post there, it seems natural to lay that one to rest and have a new focus.</p><p>I&#x27;ve been using <a href=\\\"https://wagtail.io/\\\">Wagtail</a> to build this new blog. As both a professional content manager and an aspiring developer, I really it like so far. You will be reading this when it&#x27;s deployed (read: live) and thus in a semi-passable aesthetic state, but as I write this post, the blog is not finished \\u2014 not even slightly. But I look forward to when it is up for the world to see, and to be honest, I&#x27;m even more looking forward to having the autonomy and skills to make it look and work however I want.</p><p></p><p>There are three main hows and whys for all this:</p><ol><li><b>The old blog is\\u2026 well, old.</b><br/>I started it in 2012. Although in some ways I am fundamentally the same person, there are even more ways in which I\\u2019m not.<br/><br/></li><li><b>I\\u2019m pivoting careers.</b><br/>This summer, I decided I wanted to learn more about web development so that I could do my job better. This month, I decided I wanted to heavily integrate it into my career. I had my Rubicon moment (will be writing a post specifically about that soon).<br/>Anyway, I\\u2019ve been reading a lot of material targeted towards people starting coding careers. One almost unanimous piece of advice is to start a blog. It turns out that if you\\u2019re going to learn to code, you have to give it your all. You can\\u2019t be casual, because not only is there a load of new information to take in, it is also a massive learning curve and so much of this will be through trial and error. Luckily, I\\u2019m pretty good at documenting stuff already, so of course the opportunity to write and reflect even more was one that I was going to take up straight away.<br/><br/></li><li><b>I want a decent web app to show off.</b><br/>One that I\\u2019m actually going to be using and updating; that isn\\u2019t just there to fill up space on GitHub. See above. No good trying to becoming a dev if there\\u2019s nothing you\\u2019ve actually dev\\u2019d.</li></ol><p></p><p>I still had a load of drafts and ideas for my old blog, so I\\u2019m also going to be writing about some non-coding topics here as well. It&#x27;ll be a good mix. But at the moment, this is where my main focus lies.</p>\", \"tagged_items\": [{\"pk\": null, \"tag\": 1, \"content_object\": 10}], \"gallery_images\": [], \"categories\": []}", "approved_go_live_at": null}}, {"model": "wagtailcore.pagerevision", "pk": 73, "fields": {"page": 10, "submitted_for_moderation": false, "created_at": "2019-11-02T14:24:34.672Z", "user": 1, "content_json": "{\"pk\": 10, \"path\": \"0001000100010004\", \"depth\": 4, \"numchild\": 0, \"title\": \"Hello, world!\", \"draft_title\": \"Hello, world!\", \"slug\": \"hello-world\", \"content_type\": 29, \"live\": true, \"has_unpublished_changes\": false, \"url_path\": \"/home/blog/hello-world/\", \"owner\": 1, \"seo_title\": \"\", \"show_in_menus\": false, \"search_description\": \"\", \"go_live_at\": null, \"expire_at\": null, \"expired\": false, \"locked\": false, \"first_published_at\": \"2019-10-24T08:16:23.475Z\", \"last_published_at\": \"2019-11-02T14:22:59.613Z\", \"latest_revision_created_at\": \"2019-11-02T14:22:59.548Z\", \"live_revision\": 72, \"date\": \"2019-10-24\", \"body\": \"<p>Hi! You may be familiar with my <a href=\\\"https://www.roseailleurs.net/\\\">old blog</a>. Fear not, for you can still access the archives <a href=\\\"https://roseailleurs.blogspot.com/\\\">here</a>. But for reasons that will become clear as you read my last post there, it seems natural to lay that one to rest and have a new focus.</p><p>I&#x27;ve been using <a href=\\\"https://wagtail.io/\\\">Wagtail</a> to build this new blog. As both a professional content manager and an aspiring developer, I really it like so far, and not just because of the cute birdie. You will be reading this when it&#x27;s deployed (read: live) and thus in a semi-passable aesthetic state, but as I write this post, the blog is not finished \\u2014 not even slightly. But I look forward to when it is up for the world to see, and to be honest, I&#x27;m even more looking forward to having the autonomy and skills to make it look and work however I want.</p><p></p><p>There are three main hows and whys for all this:</p><ol><li><b>The old blog is\\u2026 well, old.</b><br/>I started it in 2012. Although in some ways I am fundamentally the same person, there are even more ways in which I\\u2019m not.<br/><br/></li><li><b>I\\u2019m pivoting careers.</b><br/>This summer, I decided I wanted to learn more about web development so that I could do my job better. This month, I decided I wanted to heavily integrate it into my career. I had my Rubicon moment (will be writing a post specifically about that soon).<br/>Anyway, I\\u2019ve been reading a lot of material targeted towards people starting coding careers. One almost unanimous piece of advice is to start a blog. It turns out that if you\\u2019re going to learn to code, you have to give it your all. You can\\u2019t be casual, because not only is there a load of new information to take in, it is also a massive learning curve and so much of this will be through trial and error. Luckily, I\\u2019m pretty good at documenting stuff already, so of course the opportunity to write and reflect even more was one that I was going to take up straight away.<br/><br/></li><li><b>I want a decent web app to show off.</b><br/>One that I\\u2019m actually going to be using and updating; that isn\\u2019t just there to fill up space on GitHub. See above. No good trying to becoming a dev if there\\u2019s nothing you\\u2019ve actually dev\\u2019d.</li></ol><p></p><p>I still had a load of drafts and ideas for my old blog, so I\\u2019m also going to be writing about some non-coding topics here as well. It&#x27;ll be a good mix. But at the moment, this is where my main focus lies.</p>\", \"tagged_items\": [{\"pk\": null, \"tag\": 1, \"content_object\": 10}], \"gallery_images\": [], \"categories\": []}", "approved_go_live_at": null}}, {"model": "wagtailcore.pagerevision", "pk": 74, "fields": {"page": 15, "submitted_for_moderation": false, "created_at": "2019-11-02T14:36:59.330Z", "user": 1, "content_json": "{\"pk\": 15, \"path\": \"000100010003\", \"depth\": 3, \"numchild\": 0, \"title\": \"About\", \"draft_title\": \"About\", \"slug\": \"about\", \"content_type\": 34, \"live\": true, \"has_unpublished_changes\": false, \"url_path\": \"/home/about/\", \"owner\": 1, \"seo_title\": \"\", \"show_in_menus\": false, \"search_description\": \"\", \"go_live_at\": null, \"expire_at\": null, \"expired\": false, \"locked\": false, \"first_published_at\": \"2019-10-31T10:48:16.825Z\", \"last_published_at\": \"2019-11-02T14:13:53.634Z\", \"latest_revision_created_at\": \"2019-11-02T14:13:53.593Z\", \"live_revision\": 68, \"body\": \"<h4><b>NOW:</b></h4><p>I&#x27;m a Content &amp; QA Manager learning web development (focussing on Python &amp; Django). </p><p></p><p>Formerly, I worked both in-house and freelance as a  writer, editor (English), and translator (German to English). I thought it was my dream job, but things changed! Anyway, because I&#x27;m apparently a glutton for punishment, I&#x27;m editing the first draft of my novel manuscript and researching for a non-fiction/memoir project.</p><p></p><p>In another life, where I had the right connections, money/inclination to spend &gt;3 hours on an aeroplane, and stamina to live in -30\\u00b0C temperatures, I&#x27;d be translating French Canadian literature.</p><p></p><p>Otherwise, you can find me devouring as many books as time allows.</p><p></p><p></p><h4><b>HISTORY:</b></h4><p><b>2002\\u20132009</b> Secondary education in West Norfolk, England</p><p><b>2009\\u20132013</b> BA degree in French &amp; German @ University of Leicester, including semesters in Li\\u00e8ge, Belgium and Linz, Austria; named top graduate in German</p><p><b>2013\\u20132014</b> British Council language assistantship in Rimouski, Quebec</p><p><b>2014\\u00a0</b>Relocation to Berlin, Germany</p>\"}", "approved_go_live_at": null}}, {"model": "wagtailcore.pagerevision", "pk": 75, "fields": {"page": 15, "submitted_for_moderation": false, "created_at": "2019-11-02T14:37:26.939Z", "user": 1, "content_json": "{\"pk\": 15, \"path\": \"000100010003\", \"depth\": 3, \"numchild\": 0, \"title\": \"About\", \"draft_title\": \"About\", \"slug\": \"about\", \"content_type\": 34, \"live\": true, \"has_unpublished_changes\": false, \"url_path\": \"/home/about/\", \"owner\": 1, \"seo_title\": \"\", \"show_in_menus\": false, \"search_description\": \"\", \"go_live_at\": null, \"expire_at\": null, \"expired\": false, \"locked\": false, \"first_published_at\": \"2019-10-31T10:48:16.825Z\", \"last_published_at\": \"2019-11-02T14:36:59.420Z\", \"latest_revision_created_at\": \"2019-11-02T14:36:59.330Z\", \"live_revision\": 74, \"body\": \"<p>I&#x27;m a Content &amp; QA Manager learning web development (focussing on Python &amp; Django).</p><p>Formerly, I worked both in-house and freelance as a writer, editor (English), and translator (German to English). I thought it was my dream job, but things changed! Anyway, because I&#x27;m apparently a glutton for punishment, I&#x27;m editing the first draft of my novel manuscript and researching for a non-fiction/memoir project.</p><p></p><p>In another life, where I had the right connections, money/inclination to spend &gt;3 hours on an aeroplane, and stamina to live in -30\\u00b0C temperatures, I&#x27;d be translating French Canadian literature.</p><p></p><p>Otherwise, you can find me devouring as many books as time allows.</p><p></p><p></p><p></p><h4><b>HISTORY:</b></h4><p><b>2002\\u20132009</b> Secondary education in West Norfolk, England</p><p><b>2009\\u20132013</b> BA degree in French &amp; German @ University of Leicester, including semesters in Li\\u00e8ge, Belgium and Linz, Austria; named top graduate in German</p><p><b>2013\\u20132014</b> British Council language assistantship in Rimouski, Quebec</p><p><b>2014\\u00a0</b>Relocation to Berlin, Germany</p>\"}", "approved_go_live_at": null}}, {"model": "wagtailcore.pagerevision", "pk": 76, "fields": {"page": 15, "submitted_for_moderation": false, "created_at": "2019-11-02T14:37:42.026Z", "user": 1, "content_json": "{\"pk\": 15, \"path\": \"000100010003\", \"depth\": 3, \"numchild\": 0, \"title\": \"About\", \"draft_title\": \"About\", \"slug\": \"about\", \"content_type\": 34, \"live\": true, \"has_unpublished_changes\": false, \"url_path\": \"/home/about/\", \"owner\": 1, \"seo_title\": \"\", \"show_in_menus\": false, \"search_description\": \"\", \"go_live_at\": null, \"expire_at\": null, \"expired\": false, \"locked\": false, \"first_published_at\": \"2019-10-31T10:48:16.825Z\", \"last_published_at\": \"2019-11-02T14:37:26.963Z\", \"latest_revision_created_at\": \"2019-11-02T14:37:26.939Z\", \"live_revision\": 75, \"body\": \"<p>I&#x27;m a Content &amp; QA Manager learning web development (focussing on Python &amp; Django).</p><p>Formerly, I worked both in-house and freelance as a writer, editor (English), and translator (German to English). I thought it was my dream job, but things changed! Anyway, because I&#x27;m apparently a glutton for punishment, I&#x27;m editing the first draft of my novel manuscript and researching for a non-fiction/memoir project.</p><p></p><p>In another life, where I had the right connections, money/inclination to spend &gt;3 hours on an aeroplane, and stamina to live in -30\\u00b0C temperatures, I&#x27;d be translating French Canadian literature.</p><p></p><p>Otherwise, you can find me devouring as many books as time allows.</p><p></p><p></p><h3><b>HISTORY:</b></h3><p><b>2002\\u20132009</b> Secondary education in West Norfolk, England</p><p><b>2009\\u20132013</b> BA degree in French &amp; German @ University of Leicester, including semesters in Li\\u00e8ge, Belgium and Linz, Austria; named top graduate in German</p><p><b>2013\\u20132014</b> British Council language assistantship in Rimouski, Quebec</p><p><b>2014\\u00a0</b>Relocation to Berlin, Germany</p>\"}", "approved_go_live_at": null}}, {"model": "wagtailcore.pagerevision", "pk": 77, "fields": {"page": 15, "submitted_for_moderation": false, "created_at": "2019-11-02T14:38:02.025Z", "user": 1, "content_json": "{\"pk\": 15, \"path\": \"000100010003\", \"depth\": 3, \"numchild\": 0, \"title\": \"About\", \"draft_title\": \"About\", \"slug\": \"about\", \"content_type\": 34, \"live\": true, \"has_unpublished_changes\": false, \"url_path\": \"/home/about/\", \"owner\": 1, \"seo_title\": \"\", \"show_in_menus\": false, \"search_description\": \"\", \"go_live_at\": null, \"expire_at\": null, \"expired\": false, \"locked\": false, \"first_published_at\": \"2019-10-31T10:48:16.825Z\", \"last_published_at\": \"2019-11-02T14:37:42.125Z\", \"latest_revision_created_at\": \"2019-11-02T14:37:42.026Z\", \"live_revision\": 76, \"body\": \"<p>I&#x27;m a Content &amp; QA Manager learning web development (focussing on Python &amp; Django).</p><p>Formerly, I worked both in-house and freelance as a writer, editor (English), and translator (German to English). I thought it was my dream job, but things changed! Anyway, because I&#x27;m apparently a glutton for punishment, I&#x27;m editing the first draft of my novel manuscript and researching for a non-fiction/memoir project.</p><p></p><p>In another life, where I had the right connections, money/inclination to spend &gt;3 hours on an aeroplane, and stamina to live in -30\\u00b0C temperatures, I&#x27;d be translating French Canadian literature.</p><p></p><p>Otherwise, you can find me devouring as many books as time allows.</p><p></p><p></p><p></p><p></p><p></p><p></p><p></p><p></p><p></p><h3><b>HISTORY:</b></h3><p><b>2002\\u20132009</b> Secondary education in West Norfolk, England</p><p><b>2009\\u20132013</b> BA degree in French &amp; German @ University of Leicester, including semesters in Li\\u00e8ge, Belgium and Linz, Austria; named top graduate in German</p><p><b>2013\\u20132014</b> British Council language assistantship in Rimouski, Quebec</p><p><b>2014\\u00a0</b>Relocation to Berlin, Germany</p>\"}", "approved_go_live_at": null}}, {"model": "wagtailcore.pagerevision", "pk": 78, "fields": {"page": 15, "submitted_for_moderation": false, "created_at": "2019-11-02T14:38:26.027Z", "user": 1, "content_json": "{\"pk\": 15, \"path\": \"000100010003\", \"depth\": 3, \"numchild\": 0, \"title\": \"About\", \"draft_title\": \"About\", \"slug\": \"about\", \"content_type\": 34, \"live\": true, \"has_unpublished_changes\": false, \"url_path\": \"/home/about/\", \"owner\": 1, \"seo_title\": \"\", \"show_in_menus\": false, \"search_description\": \"\", \"go_live_at\": null, \"expire_at\": null, \"expired\": false, \"locked\": false, \"first_published_at\": \"2019-10-31T10:48:16.825Z\", \"last_published_at\": \"2019-11-02T14:38:02.337Z\", \"latest_revision_created_at\": \"2019-11-02T14:38:02.025Z\", \"live_revision\": 77, \"body\": \"<p>I&#x27;m a Content &amp; QA Manager learning web development (focussing on Python &amp; Django).</p><p>Formerly, I worked both in-house and freelance as a writer, editor (English), and translator (German to English). I thought it was my dream job, but things changed! Anyway, because I&#x27;m apparently a glutton for punishment, I&#x27;m editing the first draft of my novel manuscript and researching for a non-fiction/memoir project.</p><p></p><p>In another life, where I had the right connections, money/inclination to spend &gt;3 hours on an aeroplane, and stamina to live in -30\\u00b0C temperatures, I&#x27;d be translating French Canadian literature.</p><p></p><p>Otherwise, you can probably find me devouring as many books as time allows.</p><p></p><h3><b>HISTORY:</b></h3><p><b>2002\\u20132009</b> Secondary education in West Norfolk, England</p><p><b>2009\\u20132013</b> BA degree in French &amp; German @ University of Leicester, including semesters in Li\\u00e8ge, Belgium and Linz, Austria; named top graduate in German</p><p><b>2013\\u20132014</b> British Council language assistantship in Rimouski, Quebec</p><p><b>2014\\u00a0</b>Relocation to Berlin, Germany</p>\"}", "approved_go_live_at": null}}, {"model": "wagtailcore.pagerevision", "pk": 79, "fields": {"page": 15, "submitted_for_moderation": false, "created_at": "2019-11-02T14:38:55.658Z", "user": 1, "content_json": "{\"pk\": 15, \"path\": \"000100010003\", \"depth\": 3, \"numchild\": 0, \"title\": \"About\", \"draft_title\": \"About\", \"slug\": \"about\", \"content_type\": 34, \"live\": true, \"has_unpublished_changes\": false, \"url_path\": \"/home/about/\", \"owner\": 1, \"seo_title\": \"\", \"show_in_menus\": false, \"search_description\": \"\", \"go_live_at\": null, \"expire_at\": null, \"expired\": false, \"locked\": false, \"first_published_at\": \"2019-10-31T10:48:16.825Z\", \"last_published_at\": \"2019-11-02T14:38:27.504Z\", \"latest_revision_created_at\": \"2019-11-02T14:38:26.027Z\", \"live_revision\": 78, \"body\": \"<p>I&#x27;m a Content &amp; QA Manager learning web development, with a focus on Python &amp; Django.</p><p>Formerly, I worked both in-house and freelance as a writer, editor (English), and translator (German to English). I thought it was my dream job, but things changed! Anyway, because I&#x27;m apparently a glutton for punishment, I&#x27;m editing the first draft of my novel manuscript and researching for a non-fiction/memoir project.</p><p></p><p>In another life, where I had the right connections, money/inclination to spend &gt;3 hours on an aeroplane, and stamina to live in -30\\u00b0C temperatures, I&#x27;d be translating French Canadian literature.</p><p></p><p>Otherwise, you can probably find me devouring as many books as time allows.</p><p></p><h3><b>HISTORY:</b></h3><p><b>2002\\u20132009</b> Secondary education in West Norfolk, England</p><p><b>2009\\u20132013</b> BA degree in French &amp; German @ University of Leicester, including semesters in Li\\u00e8ge, Belgium and Linz, Austria; named top graduate in German</p><p><b>2013\\u20132014</b> British Council language assistantship in Rimouski, Quebec</p><p><b>2014\\u00a0</b>Relocation to Berlin, Germany</p>\"}", "approved_go_live_at": null}}, {"model": "wagtailcore.pagerevision", "pk": 80, "fields": {"page": 15, "submitted_for_moderation": false, "created_at": "2019-11-02T14:39:55.849Z", "user": 1, "content_json": "{\"pk\": 15, \"path\": \"000100010003\", \"depth\": 3, \"numchild\": 0, \"title\": \"About\", \"draft_title\": \"About\", \"slug\": \"about\", \"content_type\": 34, \"live\": true, \"has_unpublished_changes\": false, \"url_path\": \"/home/about/\", \"owner\": 1, \"seo_title\": \"\", \"show_in_menus\": false, \"search_description\": \"\", \"go_live_at\": null, \"expire_at\": null, \"expired\": false, \"locked\": false, \"first_published_at\": \"2019-10-31T10:48:16.825Z\", \"last_published_at\": \"2019-11-02T14:38:56.540Z\", \"latest_revision_created_at\": \"2019-11-02T14:38:55.658Z\", \"live_revision\": 79, \"body\": \"<p>I&#x27;m a Content &amp; QA Manager learning web development, with a focus on Python &amp; Django.</p><p>Formerly, I worked both in-house and freelance as a writer, editor (English), and translator (German to English). I thought it was my dream job, but things changed! Anyway, because I&#x27;m apparently a glutton for punishment, I&#x27;m editing the first draft of my novel manuscript and researching for a non-fiction/memoir project.</p><p></p><p>In another life, where I had the right connections, a driving licence, the money &amp; inclination to spend &gt;3 hours on an aeroplane, and stamina to live in -30\\u00b0C temperatures, I&#x27;d be translating French Canadian literature.</p><p></p><p>Otherwise, you can probably find me devouring as many books as time allows.</p><p></p><h3><b>HISTORY:</b></h3><p><b>2002\\u20132009</b> Secondary education in West Norfolk, England</p><p><b>2009\\u20132013</b> BA degree in French &amp; German @ University of Leicester, including semesters in Li\\u00e8ge, Belgium and Linz, Austria; named top graduate in German</p><p><b>2013\\u20132014</b> British Council language assistantship in Rimouski, Quebec</p><p><b>2014\\u00a0</b>Relocation to Berlin, Germany</p>\"}", "approved_go_live_at": null}}, {"model": "wagtailcore.pagerevision", "pk": 81, "fields": {"page": 15, "submitted_for_moderation": false, "created_at": "2019-11-02T14:42:02.036Z", "user": 1, "content_json": "{\"pk\": 15, \"path\": \"000100010003\", \"depth\": 3, \"numchild\": 0, \"title\": \"About\", \"draft_title\": \"About\", \"slug\": \"about\", \"content_type\": 34, \"live\": true, \"has_unpublished_changes\": false, \"url_path\": \"/home/about/\", \"owner\": 1, \"seo_title\": \"\", \"show_in_menus\": false, \"search_description\": \"\", \"go_live_at\": null, \"expire_at\": null, \"expired\": false, \"locked\": false, \"first_published_at\": \"2019-10-31T10:48:16.825Z\", \"last_published_at\": \"2019-11-02T14:39:55.910Z\", \"latest_revision_created_at\": \"2019-11-02T14:39:55.849Z\", \"live_revision\": 80, \"body\": \"<p>I&#x27;m a Content &amp; QA Manager learning web development, with a focus on Python &amp; Django.</p><p>Formerly, I worked both in-house and freelance as a writer/editor (English) and translator (German to English). I thought it was my dream job, but things changed! Turns out I enjoy writing much more when I don&#x27;t have to worry about making money from it or clients liking it, so I&#x27;m editing the first draft of my novel manuscript and researching for a memoir project.</p><p></p><p>In another life, where I had the right connections, a driving licence, the money &amp; inclination to spend &gt;3 hours on an aeroplane, and stamina to live in -30\\u00b0C temperatures, I&#x27;d be translating French Canadian literature.</p><p></p><p>Otherwise, you can probably find me devouring as many books as time allows.</p><p></p><h3><b>HISTORY:</b></h3><p><b>2002\\u20132009</b> Secondary education in West Norfolk, England</p><p><b>2009\\u20132013</b> BA degree in French &amp; German @ University of Leicester, including semesters in Li\\u00e8ge, Belgium and Linz, Austria; named top graduate in German</p><p><b>2013\\u20132014</b> British Council language assistantship in Rimouski, Quebec</p><p><b>2014\\u00a0</b>Relocation to Berlin, Germany</p>\"}", "approved_go_live_at": null}}, {"model": "wagtailcore.pagerevision", "pk": 82, "fields": {"page": 15, "submitted_for_moderation": false, "created_at": "2019-11-02T14:42:33.660Z", "user": 1, "content_json": "{\"pk\": 15, \"path\": \"000100010003\", \"depth\": 3, \"numchild\": 0, \"title\": \"About\", \"draft_title\": \"About\", \"slug\": \"about\", \"content_type\": 34, \"live\": true, \"has_unpublished_changes\": false, \"url_path\": \"/home/about/\", \"owner\": 1, \"seo_title\": \"\", \"show_in_menus\": false, \"search_description\": \"\", \"go_live_at\": null, \"expire_at\": null, \"expired\": false, \"locked\": false, \"first_published_at\": \"2019-10-31T10:48:16.825Z\", \"last_published_at\": \"2019-11-02T14:42:02.668Z\", \"latest_revision_created_at\": \"2019-11-02T14:42:02.036Z\", \"live_revision\": 81, \"body\": \"<p>I&#x27;m a Content &amp; QA Manager learning web development, with a focus on Python &amp; Django.</p><p>Formerly, I worked both in-house and freelance as a writer/editor (English) and translator (German to English). For a while I thought it was my dream job, but things changed! Turns out I enjoy writing much more when I don&#x27;t have to worry about making money from it or clients liking it, so I&#x27;m editing the first draft of my novel manuscript and researching for a memoir project.</p><p></p><p>In another life, where I had the right connections, a driving licence, the money &amp; inclination to spend &gt;3 hours on an aeroplane, and stamina to live in -30\\u00b0C temperatures, I&#x27;d be translating French Canadian literature.</p><p></p><p>Otherwise, you can probably find me devouring as many books as time allows.</p><p></p><h3><b>HISTORY:</b></h3><p><b>2002\\u20132009</b> Secondary education in West Norfolk, England</p><p><b>2009\\u20132013</b> BA degree in French &amp; German @ University of Leicester, including semesters in Li\\u00e8ge, Belgium and Linz, Austria; named top graduate in German</p><p><b>2013\\u20132014</b> British Council language assistantship in Rimouski, Quebec</p><p><b>2014\\u00a0</b>Relocation to Berlin, Germany</p>\"}", "approved_go_live_at": null}}, {"model": "wagtailcore.pagerevision", "pk": 83, "fields": {"page": 15, "submitted_for_moderation": false, "created_at": "2019-11-02T14:43:23.673Z", "user": 1, "content_json": "{\"pk\": 15, \"path\": \"000100010003\", \"depth\": 3, \"numchild\": 0, \"title\": \"About\", \"draft_title\": \"About\", \"slug\": \"about\", \"content_type\": 34, \"live\": true, \"has_unpublished_changes\": false, \"url_path\": \"/home/about/\", \"owner\": 1, \"seo_title\": \"\", \"show_in_menus\": false, \"search_description\": \"\", \"go_live_at\": null, \"expire_at\": null, \"expired\": false, \"locked\": false, \"first_published_at\": \"2019-10-31T10:48:16.825Z\", \"last_published_at\": \"2019-11-02T14:42:34.594Z\", \"latest_revision_created_at\": \"2019-11-02T14:42:33.660Z\", \"live_revision\": 82, \"body\": \"<p>I&#x27;m a Content &amp; QA Manager learning web development, with a focus on Python &amp; Django.</p><p>Formerly, I worked both in-house and freelance as a writer/editor (English) and translator (German to English). For a while I thought it was my dream job, but things changed! Turns out I enjoy writing a lot more when I don&#x27;t have to worry so much about making money from it or clients liking it, so I&#x27;m editing the first draft of my novel manuscript and researching for a memoir project.</p><p></p><p>In another life, where I had the right connections, a driving licence, the money &amp; inclination to spend &gt;3 hours on an aeroplane, and stamina to live in -30\\u00b0C temperatures, I&#x27;d be translating French Canadian literature.</p><p></p><p>Otherwise, you can probably find me devouring as many books as time allows.</p><p></p><h3><b>HISTORY:</b></h3><p><b>2002\\u20132009</b> Secondary education in West Norfolk, England</p><p><b>2009\\u20132013</b> BA degree in French &amp; German @ University of Leicester, including semesters in Li\\u00e8ge, Belgium and Linz, Austria; named top graduate in German</p><p><b>2013\\u20132014</b> British Council language assistantship in Rimouski, Quebec</p><p><b>2014\\u00a0</b>Relocation to Berlin, Germany</p>\"}", "approved_go_live_at": null}}, {"model": "wagtailcore.pagerevision", "pk": 84, "fields": {"page": 15, "submitted_for_moderation": false, "created_at": "2019-11-02T14:44:08.356Z", "user": 1, "content_json": "{\"pk\": 15, \"path\": \"000100010003\", \"depth\": 3, \"numchild\": 0, \"title\": \"About\", \"draft_title\": \"About\", \"slug\": \"about\", \"content_type\": 34, \"live\": true, \"has_unpublished_changes\": false, \"url_path\": \"/home/about/\", \"owner\": 1, \"seo_title\": \"\", \"show_in_menus\": false, \"search_description\": \"\", \"go_live_at\": null, \"expire_at\": null, \"expired\": false, \"locked\": false, \"first_published_at\": \"2019-10-31T10:48:16.825Z\", \"last_published_at\": \"2019-11-02T14:43:23.698Z\", \"latest_revision_created_at\": \"2019-11-02T14:43:23.673Z\", \"live_revision\": 83, \"body\": \"<p>I&#x27;m a Content &amp; QA Manager learning web development, with a focus on Python &amp; Django.</p><p><b>Formerly</b>, I worked both in-house and freelance as a writer/editor (English) and translator (German to English). For a while I thought it was my dream job, but things changed! Turns out I enjoy writing a lot more when I don&#x27;t have to worry so much about making money from it or clients liking it, so I&#x27;m editing the first draft of my novel manuscript and researching for a memoir project.</p><p><b>In another life</b>, where I had the right connections, a driving licence, the money &amp; inclination to spend &gt;3 hours on an aeroplane, and stamina to live in -30\\u00b0C temperatures, I&#x27;d be translating French Canadian literature.</p><p><b>Otherwise</b>, you can probably find me devouring as many books as time allows.</p><p></p><h3><b>HISTORY:</b></h3><p><b>2002\\u20132009</b> Secondary education in West Norfolk, England</p><p><b>2009\\u20132013</b> BA degree in French &amp; German @ University of Leicester, including semesters in Li\\u00e8ge, Belgium and Linz, Austria; named top graduate in German</p><p><b>2013\\u20132014</b> British Council language assistantship in Rimouski, Quebec</p><p><b>2014\\u00a0</b>Relocation to Berlin, Germany</p>\"}", "approved_go_live_at": null}}, {"model": "wagtailcore.pagerevision", "pk": 85, "fields": {"page": 15, "submitted_for_moderation": false, "created_at": "2019-11-02T14:44:43.402Z", "user": 1, "content_json": "{\"pk\": 15, \"path\": \"000100010003\", \"depth\": 3, \"numchild\": 0, \"title\": \"About\", \"draft_title\": \"About\", \"slug\": \"about\", \"content_type\": 34, \"live\": true, \"has_unpublished_changes\": false, \"url_path\": \"/home/about/\", \"owner\": 1, \"seo_title\": \"\", \"show_in_menus\": false, \"search_description\": \"\", \"go_live_at\": null, \"expire_at\": null, \"expired\": false, \"locked\": false, \"first_published_at\": \"2019-10-31T10:48:16.825Z\", \"last_published_at\": \"2019-11-02T14:44:08.404Z\", \"latest_revision_created_at\": \"2019-11-02T14:44:08.356Z\", \"live_revision\": 84, \"body\": \"<p>I&#x27;m a Content &amp; QA Manager learning web development, with a focus on Python &amp; Django.</p><p><b>Formerly</b>, I worked both in-house and freelance as a writer/editor (English) and translator (German to English). For a while I thought it was my dream job, but things changed! Turns out I enjoy writing a lot more when I don&#x27;t have to worry so much about making money from it or clients liking it, so I&#x27;m editing the first draft of my novel manuscript and researching for a memoir project.</p><p><b>In another life</b>, where I had the right connections, a driving licence, the money &amp; inclination to spend &gt;3 hours on an aeroplane, and stamina to live in -30\\u00b0C temperatures, I&#x27;d be translating French Canadian literature.</p><p><b>Otherwise</b>, you can probably find me devouring as many books as time allows.</p><p></p><h3><b>HISTORY</b></h3><p><b>2002\\u20132009:</b> Secondary education in West Norfolk, England</p><p><b>2009\\u20132013:</b> BA degree in French &amp; German @ University of Leicester, including semesters in Li\\u00e8ge, Belgium and Linz, Austria; named top graduate in German</p><p><b>2013\\u20132014:</b> British Council language assistantship in Rimouski, Quebec</p><p><b>2014:\\u00a0</b>Relocation to Berlin, Germany</p>\"}", "approved_go_live_at": null}}, {"model": "wagtailcore.pagerevision", "pk": 86, "fields": {"page": 15, "submitted_for_moderation": false, "created_at": "2019-11-02T14:45:05.546Z", "user": 1, "content_json": "{\"pk\": 15, \"path\": \"000100010003\", \"depth\": 3, \"numchild\": 0, \"title\": \"About\", \"draft_title\": \"About\", \"slug\": \"about\", \"content_type\": 34, \"live\": true, \"has_unpublished_changes\": false, \"url_path\": \"/home/about/\", \"owner\": 1, \"seo_title\": \"\", \"show_in_menus\": false, \"search_description\": \"\", \"go_live_at\": null, \"expire_at\": null, \"expired\": false, \"locked\": false, \"first_published_at\": \"2019-10-31T10:48:16.825Z\", \"last_published_at\": \"2019-11-02T14:44:43.430Z\", \"latest_revision_created_at\": \"2019-11-02T14:44:43.402Z\", \"live_revision\": 85, \"body\": \"<p>I&#x27;m a Content &amp; QA Manager learning web development, with a focus on Python &amp; Django.</p><p><b>Formerly</b>, I worked both in-house and freelance as a writer/editor (English) and translator (German to English). For a while I thought it was my dream job, but things changed! Turns out I enjoy writing a lot more when I don&#x27;t have to worry so much about making money from it or clients liking it, so I&#x27;m editing the first draft of my novel manuscript and researching for a memoir project.</p><p><b>In another life</b>, where I had the right connections, a driving licence, the money &amp; inclination to spend &gt;3 hours on an aeroplane, and tolerance of -30\\u00b0C temperatures, I&#x27;d be translating French Canadian literature.</p><p><b>Otherwise</b>, you can probably find me devouring as many books as time allows.</p><p></p><h3><b>HISTORY</b></h3><p><b>2002\\u20132009:</b> Secondary education in West Norfolk, England</p><p><b>2009\\u20132013:</b> BA degree in French &amp; German @ University of Leicester, including semesters in Li\\u00e8ge, Belgium and Linz, Austria; named top graduate in German</p><p><b>2013\\u20132014:</b> British Council language assistantship in Rimouski, Quebec</p><p><b>2014:\\u00a0</b>Relocation to Berlin, Germany</p>\"}", "approved_go_live_at": null}}, {"model": "wagtailcore.pagerevision", "pk": 87, "fields": {"page": 15, "submitted_for_moderation": false, "created_at": "2019-11-02T14:45:50.537Z", "user": 1, "content_json": "{\"pk\": 15, \"path\": \"000100010003\", \"depth\": 3, \"numchild\": 0, \"title\": \"About\", \"draft_title\": \"About\", \"slug\": \"about\", \"content_type\": 34, \"live\": true, \"has_unpublished_changes\": false, \"url_path\": \"/home/about/\", \"owner\": 1, \"seo_title\": \"\", \"show_in_menus\": false, \"search_description\": \"\", \"go_live_at\": null, \"expire_at\": null, \"expired\": false, \"locked\": false, \"first_published_at\": \"2019-10-31T10:48:16.825Z\", \"last_published_at\": \"2019-11-02T14:45:05.584Z\", \"latest_revision_created_at\": \"2019-11-02T14:45:05.546Z\", \"live_revision\": 86, \"body\": \"<p>I&#x27;m a Content &amp; QA Manager learning web development, with a focus on Python &amp; Django.</p><p><b>Formerly</b>, I worked both in-house and freelance as a writer/editor (English) and translator (German to English). For a while I thought it was my dream job, but things changed! Turns out I enjoy writing a lot more when I don&#x27;t have to worry so much about making money from it or clients liking it, so I&#x27;m editing the first draft of my novel manuscript and researching for a memoir project.</p><p><b>In another life</b>, where I had the right connections, a driving licence, the money &amp; inclination to spend &gt;3 hours on an aeroplane, and tolerance of -30\\u00b0C temperatures, I&#x27;d be translating French Canadian literature.</p><p><b>Otherwise</b>, you can probably find me devouring as many books as time allows.</p><p></p><h3><b>HISTORY</b></h3><p><b>2002\\u20132009:</b> Secondary education in West Norfolk, England</p><p><b>2009\\u20132013:</b> BA degree in French &amp; German @ University of Leicester, including semesters in Li\\u00e8ge, Belgium and Linz, Austria; named top graduate in German</p><p><b>2013\\u20132014:</b> British Council language assistantship in Rimouski, Quebec</p><p><b>2014:\\u00a0</b>Relocation to Berlin, Germany</p>\"}", "approved_go_live_at": null}}, {"model": "wagtailcore.pagerevision", "pk": 91, "fields": {"page": 23, "submitted_for_moderation": false, "created_at": "2019-11-02T18:37:52.771Z", "user": 1, "content_json": "{\"pk\": 23, \"path\": \"000100010004\", \"depth\": 3, \"numchild\": 0, \"title\": \"Contact & Legal\", \"draft_title\": \"Contact & Legal\", \"slug\": \"contact-legal\", \"content_type\": 34, \"live\": true, \"has_unpublished_changes\": false, \"url_path\": \"/home/contact-legal/\", \"owner\": 1, \"seo_title\": \"\", \"show_in_menus\": false, \"search_description\": \"\", \"go_live_at\": null, \"expire_at\": null, \"expired\": false, \"locked\": false, \"first_published_at\": null, \"last_published_at\": null, \"latest_revision_created_at\": null, \"live_revision\": null, \"body\": \"\"}", "approved_go_live_at": null}}, {"model": "wagtailcore.pagerevision", "pk": 92, "fields": {"page": 23, "submitted_for_moderation": false, "created_at": "2019-11-02T18:40:40.893Z", "user": 1, "content_json": "{\"pk\": 23, \"path\": \"000100010004\", \"depth\": 3, \"numchild\": 0, \"title\": \"Contact\", \"draft_title\": \"Contact & Legal\", \"slug\": \"contact\", \"content_type\": 34, \"live\": true, \"has_unpublished_changes\": false, \"url_path\": \"/home/contact-legal/\", \"owner\": 1, \"seo_title\": \"\", \"show_in_menus\": false, \"search_description\": \"\", \"go_live_at\": null, \"expire_at\": null, \"expired\": false, \"locked\": false, \"first_published_at\": \"2019-11-02T18:37:52.963Z\", \"last_published_at\": \"2019-11-02T18:37:52.963Z\", \"latest_revision_created_at\": \"2019-11-02T18:37:52.771Z\", \"live_revision\": 91, \"body\": \"<p>Some contact info here</p>\"}", "approved_go_live_at": null}}, {"model": "wagtailcore.pagerevision", "pk": 93, "fields": {"page": 24, "submitted_for_moderation": false, "created_at": "2019-11-02T18:42:24.059Z", "user": 1, "content_json": "{\"pk\": 24, \"path\": \"000100010005\", \"depth\": 3, \"numchild\": 0, \"title\": \"Legal\", \"draft_title\": \"Legal\", \"slug\": \"legal\", \"content_type\": 34, \"live\": true, \"has_unpublished_changes\": false, \"url_path\": \"/home/legal/\", \"owner\": 1, \"seo_title\": \"\", \"show_in_menus\": false, \"search_description\": \"\", \"go_live_at\": null, \"expire_at\": null, \"expired\": false, \"locked\": false, \"first_published_at\": null, \"last_published_at\": null, \"latest_revision_created_at\": null, \"live_revision\": null, \"body\": \"<p>Lorem ipsum dolor sit amet, consetetur sadipscing elitr, sed diam nonumy eirmod tempor invidunt ut labore et dolore magna aliquyam erat, sed diam voluptua. At vero eos et accusam et justo duo dolores et ea rebum. Stet clita kasd gubergren, no sea takimata sanctus est Lorem ipsum dolor sit amet. Lorem ipsum dolor sit amet, consetetur sadipscing elitr, sed diam nonumy eirmod tempor invidunt ut labore et dolore magna aliquyam erat, sed diam voluptua. At vero eos et accusam et justo duo dolores et ea rebum. Stet clita kasd gubergren, no sea takimata sanctus est Lorem ipsum dolor sit amet.</p>\"}", "approved_go_live_at": null}}, {"model": "wagtailcore.pagerevision", "pk": 94, "fields": {"page": 3, "submitted_for_moderation": false, "created_at": "2019-11-02T18:44:17.348Z", "user": 1, "content_json": "{\"pk\": 3, \"path\": \"00010001\", \"depth\": 2, \"numchild\": 5, \"title\": \"Rosamund\", \"draft_title\": \"Rosamund\", \"slug\": \"home\", \"content_type\": 2, \"live\": true, \"has_unpublished_changes\": false, \"url_path\": \"/home/\", \"owner\": null, \"seo_title\": \"\", \"show_in_menus\": false, \"search_description\": \"\", \"go_live_at\": null, \"expire_at\": null, \"expired\": false, \"locked\": false, \"first_published_at\": \"2019-10-16T20:54:08.549Z\", \"last_published_at\": \"2019-11-02T14:12:39.503Z\", \"latest_revision_created_at\": \"2019-11-02T14:12:39.478Z\", \"live_revision\": 66, \"body\": \"<p>My name&#x27;s Rosamund and I live in Berlin, Germany. I&#x27;m a recovering professional words person (translation, copywriting, journalism, editing) on the way to becoming a professional code person.</p><p>This blog is where you can follow my journey and find out why this isn&#x27;t as much of a career U-turn as you might imagine...</p>\"}", "approved_go_live_at": null}}, {"model": "wagtailcore.pagerevision", "pk": 95, "fields": {"page": 15, "submitted_for_moderation": false, "created_at": "2019-11-02T18:45:07.558Z", "user": 1, "content_json": "{\"pk\": 15, \"path\": \"000100010003\", \"depth\": 3, \"numchild\": 0, \"title\": \"About\", \"draft_title\": \"About\", \"slug\": \"about\", \"content_type\": 34, \"live\": true, \"has_unpublished_changes\": false, \"url_path\": \"/home/about/\", \"owner\": 1, \"seo_title\": \"\", \"show_in_menus\": false, \"search_description\": \"\", \"go_live_at\": null, \"expire_at\": null, \"expired\": false, \"locked\": false, \"first_published_at\": \"2019-10-31T10:48:16.825Z\", \"last_published_at\": \"2019-11-02T14:45:50.708Z\", \"latest_revision_created_at\": \"2019-11-02T14:45:50.537Z\", \"live_revision\": 87, \"body\": \"<p>I&#x27;m a Content &amp; QA Manager learning web development, with a focus on Python &amp; Django.</p><p><b>Formerly</b>, I worked both in-house and freelance as a writer/editor (English) and translator (German to English). For a while I thought it was my dream job, but things changed! Turns out I enjoy writing a lot more when I don&#x27;t have to worry so much about making money from it or clients liking it, so I&#x27;m editing the first draft of my novel manuscript and researching for a memoir project.</p><p><b>In another life</b>, in which I possessed the right connections, a driving licence, the money &amp; inclination to spend &gt;3 hours on an aeroplane, and tolerance of -30\\u00b0C temperatures, I would be translating French Canadian literature.</p><p><b>Otherwise</b>, you can probably find me devouring as many books as time allows.</p><p></p><h3><b>HISTORY</b></h3><p><b>2002\\u20132009:</b> Secondary education in West Norfolk, England</p><p><b>2009\\u20132013:</b> BA degree in French &amp; German @ University of Leicester, including semesters in Li\\u00e8ge, Belgium and Linz, Austria; named top graduate in German</p><p><b>2013\\u20132014:</b> British Council language assistantship in Rimouski, Quebec</p><p><b>2014:\\u00a0</b>Relocation to Berlin, Germany</p>\"}", "approved_go_live_at": null}}, {"model": "wagtailcore.pagerevision", "pk": 98, "fields": {"page": 15, "submitted_for_moderation": false, "created_at": "2019-11-03T12:33:36.741Z", "user": 1, "content_json": "{\"pk\": 15, \"path\": \"000100010003\", \"depth\": 3, \"numchild\": 0, \"title\": \"About\", \"draft_title\": \"About\", \"slug\": \"about\", \"content_type\": 34, \"live\": true, \"has_unpublished_changes\": false, \"url_path\": \"/home/about/\", \"owner\": 1, \"seo_title\": \"\", \"show_in_menus\": false, \"search_description\": \"\", \"go_live_at\": null, \"expire_at\": null, \"expired\": false, \"locked\": false, \"first_published_at\": \"2019-10-31T10:48:16.825Z\", \"last_published_at\": \"2019-11-02T18:45:07.586Z\", \"latest_revision_created_at\": \"2019-11-02T18:45:07.558Z\", \"live_revision\": 95, \"body\": \"<p>I&#x27;m a Content &amp; QA Manager learning web development, with a focus on Python &amp; Django.</p><p><b>Formerly</b>, I worked both in-house and freelance as a writer/editor (English) and translator (German to English). For a while I thought it was my dream job, but things changed! Turns out I enjoy writing a lot more when I don&#x27;t have to worry so much about making money from it or clients liking it, so I&#x27;m editing the first draft of my novel manuscript and researching for a non-fiction project.</p><p><b>In another life</b>, in which I possessed the right connections, a driving licence, the money &amp; inclination to spend &gt;3 hours on an aeroplane, and the ability to thrive in -30\\u00b0C temperatures, I would be translating French Canadian literature.</p><p><b>Otherwise</b>, you can probably find me devouring as many books as time allows (mainly novel and memoir).</p><p></p><h3><b>HISTORY</b></h3><p><b>2002\\u20132009:</b> Secondary education in West Norfolk, England</p><p><b>2009\\u20132013:</b> BA degree in French &amp; German @ University of Leicester, including semesters in Li\\u00e8ge, Belgium and Linz, Austria; named top graduate in German</p><p><b>2013\\u20132014:</b> British Council language assistantship in Rimouski, Quebec</p><p><b>2014:\\u00a0</b>Relocation to Berlin, Germany</p>\"}", "approved_go_live_at": null}}, {"model": "wagtailcore.pagerevision", "pk": 99, "fields": {"page": 24, "submitted_for_moderation": false, "created_at": "2019-11-03T18:26:39.976Z", "user": 1, "content_json": "{\"pk\": 24, \"path\": \"000100010005\", \"depth\": 3, \"numchild\": 0, \"title\": \"Legal\", \"draft_title\": \"Legal\", \"slug\": \"legal\", \"content_type\": 34, \"live\": true, \"has_unpublished_changes\": false, \"url_path\": \"/home/legal/\", \"owner\": 1, \"seo_title\": \"\", \"show_in_menus\": false, \"search_description\": \"\", \"go_live_at\": null, \"expire_at\": null, \"expired\": false, \"locked\": false, \"first_published_at\": \"2019-11-02T18:42:24.131Z\", \"last_published_at\": \"2019-11-02T18:42:24.131Z\", \"latest_revision_created_at\": \"2019-11-02T18:42:24.059Z\", \"live_revision\": 93, \"body\": \"<p>[[insert impressum content here]]</p><p></p><p>Lorem ipsum dolor sit amet, consetetur sadipscing elitr, sed diam nonumy eirmod tempor invidunt ut labore et dolore magna aliquyam erat, sed diam voluptua. At vero eos et accusam et justo duo dolores et ea rebum. Stet clita kasd gubergren, no sea takimata sanctus est Lorem ipsum dolor sit amet. Lorem ipsum dolor sit amet, consetetur sadipscing elitr, sed diam nonumy eirmod tempor invidunt ut labore et dolore magna aliquyam erat, sed diam voluptua. At vero eos et accusam et justo duo dolores et ea rebum. Stet clita kasd gubergren, no sea takimata sanctus est Lorem ipsum dolor sit amet.</p>\"}", "approved_go_live_at": null}}, {"model": "wagtailcore.pagerevision", "pk": 109, "fields": {"page": 3, "submitted_for_moderation": false, "created_at": "2019-11-09T11:27:55.288Z", "user": 1, "content_json": "{\"pk\": 3, \"path\": \"00010001\", \"depth\": 2, \"numchild\": 5, \"title\": \"die Webmeisterin\", \"draft_title\": \"Rosamund\", \"slug\": \"home\", \"content_type\": 2, \"live\": true, \"has_unpublished_changes\": false, \"url_path\": \"/home/\", \"owner\": null, \"seo_title\": \"\", \"show_in_menus\": false, \"search_description\": \"\", \"go_live_at\": null, \"expire_at\": null, \"expired\": false, \"locked\": false, \"first_published_at\": \"2019-10-16T20:54:08.549Z\", \"last_published_at\": \"2019-11-02T18:44:17.378Z\", \"latest_revision_created_at\": \"2019-11-02T18:44:17.348Z\", \"live_revision\": 94, \"body\": \"<p>My name&#x27;s Rosamund and I live in Berlin, Germany. I&#x27;m a recovering professional words person (translation, copywriting, journalism, editing) on the way to becoming a professional code person.</p><p>This blog is where you can follow my journey and find out why this isn&#x27;t as much of a career U-turn as you might imagine...</p>\"}", "approved_go_live_at": null}}, {"model": "wagtailcore.pagerevision", "pk": 110, "fields": {"page": 3, "submitted_for_moderation": false, "created_at": "2019-11-09T11:32:10.688Z", "user": 1, "content_json": "{\"pk\": 3, \"path\": \"00010001\", \"depth\": 2, \"numchild\": 5, \"title\": \"die Webmeisterin\", \"draft_title\": \"die Webmeisterin\", \"slug\": \"home\", \"content_type\": 2, \"live\": true, \"has_unpublished_changes\": false, \"url_path\": \"/home/\", \"owner\": null, \"seo_title\": \"\", \"show_in_menus\": false, \"search_description\": \"\", \"go_live_at\": null, \"expire_at\": null, \"expired\": false, \"locked\": false, \"first_published_at\": \"2019-10-16T20:54:08.549Z\", \"last_published_at\": \"2019-11-09T11:27:55.986Z\", \"latest_revision_created_at\": \"2019-11-09T11:27:55.288Z\", \"live_revision\": 109, \"body\": \"<p>My name&#x27;s Rosamund and I live in Berlin, Germany. I&#x27;m a recovering professional words person (translation, copywriting, journalism, editing) on the way to becoming a professional code person.</p><p>This blog is where you can follow my journey and find out why this isn&#x27;t as much of a career U-turn as you might imagine.</p><h2>A note on the blog name:</h2><p><i>Webmeisterin</i> would be a German approximation of &quot;webmistress&quot;, which in turn would be a feminised version of &quot;webmaster&quot;. Since the German verb for &quot;to weave&quot; is <i>weben</i>, the word <i>Webmeisterin</i> could also mean a woman who excels at weaving. Which is also kind of appropriate, as textile-based handicrafts have traditionally been seen as women&#x27;s work, and these days the IT sector is very much dominated by men, and I want to do my part in disrupting that.</p><p></p>\"}", "approved_go_live_at": null}}, {"model": "wagtailcore.pagerevision", "pk": 111, "fields": {"page": 3, "submitted_for_moderation": false, "created_at": "2019-11-09T11:34:30.906Z", "user": 1, "content_json": "{\"pk\": 3, \"path\": \"00010001\", \"depth\": 2, \"numchild\": 5, \"title\": \"die Webmeisterin\", \"draft_title\": \"die Webmeisterin\", \"slug\": \"home\", \"content_type\": 2, \"live\": true, \"has_unpublished_changes\": false, \"url_path\": \"/home/\", \"owner\": null, \"seo_title\": \"\", \"show_in_menus\": false, \"search_description\": \"\", \"go_live_at\": null, \"expire_at\": null, \"expired\": false, \"locked\": false, \"first_published_at\": \"2019-10-16T20:54:08.549Z\", \"last_published_at\": \"2019-11-09T11:32:10.734Z\", \"latest_revision_created_at\": \"2019-11-09T11:32:10.688Z\", \"live_revision\": 110, \"body\": \"<p>My name&#x27;s Rosamund and I live in Berlin, Germany. I&#x27;m a recovering professional words person (translation, copywriting, journalism, editing) on the way to becoming a professional code person.</p><p>This blog is where you can follow my journey and find out why this isn&#x27;t as much of a career U-turn as you might imagine.</p><h2>A note on the blog name:</h2><p><i>Webmeisterin</i> is a German approximation of &quot;webmistress&quot;, which in turn is a feminised version of &quot;webmaster&quot;. </p><p>Since <i>weben</i> is also the German word for &quot;to weave&quot;, the word <i>Webmeisterin</i> could also mean a woman who excels at weaving. Which is also kind of appropriate, as textile-based handicrafts have traditionally been seen as women&#x27;s work, and these days the IT sector is very much dominated by men, and I want to do my part in disrupting that.</p><p></p>\"}", "approved_go_live_at": null}}, {"model": "wagtailcore.pagerevision", "pk": 112, "fields": {"page": 3, "submitted_for_moderation": false, "created_at": "2019-11-09T11:34:57.568Z", "user": 1, "content_json": "{\"pk\": 3, \"path\": \"00010001\", \"depth\": 2, \"numchild\": 5, \"title\": \"die Webmeisterin\", \"draft_title\": \"die Webmeisterin\", \"slug\": \"home\", \"content_type\": 2, \"live\": true, \"has_unpublished_changes\": false, \"url_path\": \"/home/\", \"owner\": null, \"seo_title\": \"\", \"show_in_menus\": false, \"search_description\": \"\", \"go_live_at\": null, \"expire_at\": null, \"expired\": false, \"locked\": false, \"first_published_at\": \"2019-10-16T20:54:08.549Z\", \"last_published_at\": \"2019-11-09T11:34:30.936Z\", \"latest_revision_created_at\": \"2019-11-09T11:34:30.906Z\", \"live_revision\": 111, \"body\": \"<p>My name&#x27;s Rosamund and I live in Berlin, Germany. I&#x27;m a recovering professional words person (translation, copywriting, journalism, editing) on the way to becoming a professional code person.</p><p>This blog is where you can follow my journey and find out why this isn&#x27;t as much of a career U-turn as you might imagine.</p><h2>A note on the blog name:</h2><p><i>Webmeisterin</i> is a German approximation of &quot;webmistress&quot;, which in turn is a feminised version of &quot;webmaster&quot;.</p><p>Since <i>weben</i> is also the German word for &quot;to weave&quot;, the word <i>Webmeisterin</i> could also mean a woman who excels at weaving. Which is also kind of appropriate, as textile-based handicrafts have traditionally been seen as women&#x27;s work, and these days the IT sector is very much dominated by men, and I want to leave my female, queer mark on it.</p><p></p>\"}", "approved_go_live_at": null}}, {"model": "wagtailcore.pagerevision", "pk": 113, "fields": {"page": 3, "submitted_for_moderation": false, "created_at": "2019-11-09T11:36:43.700Z", "user": 1, "content_json": "{\"pk\": 3, \"path\": \"00010001\", \"depth\": 2, \"numchild\": 5, \"title\": \"die Webmeisterin\", \"draft_title\": \"die Webmeisterin\", \"slug\": \"home\", \"content_type\": 2, \"live\": true, \"has_unpublished_changes\": false, \"url_path\": \"/home/\", \"owner\": null, \"seo_title\": \"\", \"show_in_menus\": false, \"search_description\": \"\", \"go_live_at\": null, \"expire_at\": null, \"expired\": false, \"locked\": false, \"first_published_at\": \"2019-10-16T20:54:08.549Z\", \"last_published_at\": \"2019-11-09T11:34:57.618Z\", \"latest_revision_created_at\": \"2019-11-09T11:34:57.568Z\", \"live_revision\": 112, \"body\": \"<p>My name&#x27;s Rosamund and I live in Berlin, Germany. I&#x27;m a recovering professional words person (translation, copywriting, journalism, editing) on the way to becoming a professional code person.</p><p>This blog is where you can follow my journey and find out why this isn&#x27;t as much of a career U-turn as you might imagine.</p><h2>A note on the blog name:</h2><p><i>Webmeisterin</i> is a German approximation of &quot;webmistress&quot;, which in turn is a feminised version of &quot;webmaster&quot;. A webmaster is an actual job; it&#x27;s basically someone who manages the entirety of a small organisation&#x27;s IT operations. A bit vague, don&#x27;t you think?</p><p>Since <i>weben</i> is also the German word for &quot;to weave&quot;, the word <i>Webmeisterin</i> could also mean a woman who excels at weaving. Which is also kind of appropriate, as textile-based handicrafts have traditionally been seen as women&#x27;s work, and these days the IT sector is very much dominated by men, and I want to leave my female, queer mark on it.</p><p></p>\"}", "approved_go_live_at": null}}, {"model": "wagtailcore.pagerevision", "pk": 114, "fields": {"page": 3, "submitted_for_moderation": false, "created_at": "2019-11-09T11:37:39.737Z", "user": 1, "content_json": "{\"pk\": 3, \"path\": \"00010001\", \"depth\": 2, \"numchild\": 5, \"title\": \"die Webmeisterin\", \"draft_title\": \"die Webmeisterin\", \"slug\": \"home\", \"content_type\": 2, \"live\": true, \"has_unpublished_changes\": false, \"url_path\": \"/home/\", \"owner\": null, \"seo_title\": \"\", \"show_in_menus\": false, \"search_description\": \"\", \"go_live_at\": null, \"expire_at\": null, \"expired\": false, \"locked\": false, \"first_published_at\": \"2019-10-16T20:54:08.549Z\", \"last_published_at\": \"2019-11-09T11:36:43.732Z\", \"latest_revision_created_at\": \"2019-11-09T11:36:43.700Z\", \"live_revision\": 113, \"body\": \"<p>My name&#x27;s Rosamund and I live in Berlin, Germany. I&#x27;m a recovering professional words person (translation, copywriting, journalism, editing) on the way to becoming a professional code person.</p><p>This blog is where you can follow my journey and find out why this isn&#x27;t as much of a career U-turn as you might imagine.</p><h2>A note on the blog name:</h2><p><i>Webmeisterin</i> is a German approximation of &quot;webmistress&quot;, which in turn is a feminised version of &quot;webmaster&quot;. A webmaster is an actual job; the description varies from organisation to organisation, but it&#x27;s essentially someone who manages the entirety of an organisation&#x27;s IT operations. For all that could encompass, the name is bit vague, don&#x27;t you think?</p><p>Since <i>weben</i> is also the German word for &quot;to weave&quot;, the word <i>Webmeisterin</i> could also mean a woman who excels at weaving. Which is also kind of appropriate, as textile-based handicrafts have traditionally been seen as women&#x27;s work, and these days the IT sector is very much dominated by men, and I want to leave my female, queer mark on it.</p><p></p>\"}", "approved_go_live_at": null}}, {"model": "wagtailcore.pagerevision", "pk": 115, "fields": {"page": 3, "submitted_for_moderation": false, "created_at": "2019-11-09T11:38:07.991Z", "user": 1, "content_json": "{\"pk\": 3, \"path\": \"00010001\", \"depth\": 2, \"numchild\": 5, \"title\": \"die Webmeisterin\", \"draft_title\": \"die Webmeisterin\", \"slug\": \"home\", \"content_type\": 2, \"live\": true, \"has_unpublished_changes\": false, \"url_path\": \"/home/\", \"owner\": null, \"seo_title\": \"\", \"show_in_menus\": false, \"search_description\": \"\", \"go_live_at\": null, \"expire_at\": null, \"expired\": false, \"locked\": false, \"first_published_at\": \"2019-10-16T20:54:08.549Z\", \"last_published_at\": \"2019-11-09T11:37:39.765Z\", \"latest_revision_created_at\": \"2019-11-09T11:37:39.737Z\", \"live_revision\": 114, \"body\": \"<p>My name&#x27;s Rosamund and I live in Berlin, Germany. I&#x27;m a recovering professional words person (translation, copywriting, journalism, editing) on the way to becoming a professional code person.</p><p>This blog is where you can follow my journey and find out why this isn&#x27;t as much of a career U-turn as you might imagine.</p><h2>A note on the blog name:</h2><p><i>Webmeisterin</i> is a German approximation of &quot;webmistress&quot;, which in turn is a feminised version of &quot;webmaster&quot;. A webmaster is an actual job; the description varies from organisation to organisation, but it&#x27;s essentially someone who manages the entirety of an organisation&#x27;s IT operations. For all that could encompass, the name is bit vague, don&#x27;t you think?</p><p>Since <i>weben</i> is also the German word for &quot;to weave&quot;, the word <i>Webmeisterin</i> could also mean a woman who excels at weaving. Which is also kind of appropriate, as textile-based handicrafts have traditionally been seen as women&#x27;s work, and these days the IT sector is very much dominated by men. I want to leave my female, queer mark on it.</p><p></p>\"}", "approved_go_live_at": null}}, {"model": "wagtailcore.pagerevision", "pk": 116, "fields": {"page": 3, "submitted_for_moderation": false, "created_at": "2019-11-09T11:38:24.709Z", "user": 1, "content_json": "{\"pk\": 3, \"path\": \"00010001\", \"depth\": 2, \"numchild\": 5, \"title\": \"die Webmeisterin\", \"draft_title\": \"die Webmeisterin\", \"slug\": \"home\", \"content_type\": 2, \"live\": true, \"has_unpublished_changes\": false, \"url_path\": \"/home/\", \"owner\": null, \"seo_title\": \"\", \"show_in_menus\": false, \"search_description\": \"\", \"go_live_at\": null, \"expire_at\": null, \"expired\": false, \"locked\": false, \"first_published_at\": \"2019-10-16T20:54:08.549Z\", \"last_published_at\": \"2019-11-09T11:38:08.017Z\", \"latest_revision_created_at\": \"2019-11-09T11:38:07.991Z\", \"live_revision\": 115, \"body\": \"<p>My name&#x27;s Rosamund and I live in Berlin, Germany. I&#x27;m a recovering professional words person (translation, copywriting, journalism, editing) on the way to becoming a professional code person.</p><p>This blog is where you can follow my journey and find out why this isn&#x27;t as much of a career U-turn as you might imagine.</p><h2>A note on the blog name:</h2><p><i>Webmeisterin</i> is a German approximation of &quot;webmistress&quot;, which in turn is a feminised version of &quot;webmaster&quot;. A webmaster is an actual job; the description varies from organisation to organisation, but it&#x27;s essentially someone who manages the entirety of an organisation&#x27;s IT operations. For all that could encompass, the name is bit vague, don&#x27;t you think?</p><p>Since <i>weben</i> is also the German word for &quot;to weave&quot;, the word <i>Webmeisterin</i> could also mean a woman who excels at weaving. Which is also kind of appropriate, as textile-based handicrafts have traditionally been seen as women&#x27;s work, and these days the IT sector is very much dominated by men. I want to leave my female, queer mark on it.</p><p></p>\"}", "approved_go_live_at": null}}, {"model": "wagtailcore.pagerevision", "pk": 117, "fields": {"page": 3, "submitted_for_moderation": false, "created_at": "2019-11-09T11:43:15.315Z", "user": 1, "content_json": "{\"pk\": 3, \"path\": \"00010001\", \"depth\": 2, \"numchild\": 5, \"title\": \"die Webmeisterin\", \"draft_title\": \"die Webmeisterin\", \"slug\": \"home\", \"content_type\": 2, \"live\": true, \"has_unpublished_changes\": false, \"url_path\": \"/home/\", \"owner\": null, \"seo_title\": \"\", \"show_in_menus\": false, \"search_description\": \"\", \"go_live_at\": null, \"expire_at\": null, \"expired\": false, \"locked\": false, \"first_published_at\": \"2019-10-16T20:54:08.549Z\", \"last_published_at\": \"2019-11-09T11:38:24.777Z\", \"latest_revision_created_at\": \"2019-11-09T11:38:24.709Z\", \"live_revision\": 116, \"body\": \"<p>My name&#x27;s Rosamund and I live in Berlin, Germany. I&#x27;m a recovering professional words person (translation, copywriting, journalism, editing) on the way to becoming a professional code person.</p><p>This blog is where you can follow my journey and find out why this isn&#x27;t as much of a career U-turn as you might imagine.</p><h2>A note on the blog name:</h2><p><i>Webmeisterin</i> is a German approximation of &quot;webmistress&quot;, which in turn is a feminised version of &quot;webmaster&quot;. A webmaster is an actual profession; the description varies, but it&#x27;s essentially someone who manages the entirety of a (small) organisation&#x27;s IT operations. A bit vague, don&#x27;t you think?</p><p>Since <i>weben</i> is also the German word for &quot;to weave&quot;, the word <i>Webmeisterin</i> could also mean a woman who excels at weaving. Which is also kind of appropriate, as textile-based handicrafts have traditionally been seen as women&#x27;s work, and these days the IT sector is very much dominated by men. I want to leave my female, queer mark on it. We shouldn&#x27;t be striving for #diversity for the sake of diversity, but be ready to embrace all the ways in which different kinds of people can enrich tech.</p><p></p>\"}", "approved_go_live_at": null}}, {"model": "wagtailcore.pagerevision", "pk": 118, "fields": {"page": 3, "submitted_for_moderation": false, "created_at": "2019-11-09T11:43:30.006Z", "user": 1, "content_json": "{\"pk\": 3, \"path\": \"00010001\", \"depth\": 2, \"numchild\": 5, \"title\": \"die Webmeisterin\", \"draft_title\": \"die Webmeisterin\", \"slug\": \"home\", \"content_type\": 2, \"live\": true, \"has_unpublished_changes\": false, \"url_path\": \"/home/\", \"owner\": null, \"seo_title\": \"\", \"show_in_menus\": false, \"search_description\": \"\", \"go_live_at\": null, \"expire_at\": null, \"expired\": false, \"locked\": false, \"first_published_at\": \"2019-10-16T20:54:08.549Z\", \"last_published_at\": \"2019-11-09T11:43:16.795Z\", \"latest_revision_created_at\": \"2019-11-09T11:43:15.315Z\", \"live_revision\": 117, \"body\": \"<p>My name&#x27;s Rosamund and I live in Berlin, Germany. I&#x27;m a recovering professional words person (translation, copywriting, journalism, editing) on the way to becoming a professional code person.</p><p>This blog is where you can follow my journey and find out why this isn&#x27;t as much of a career U-turn as you might imagine.</p><h2>A note on the blog name:</h2><p><i>Webmeisterin</i> is a German approximation of &quot;webmistress&quot;, which in turn is a feminised version of &quot;webmaster&quot;. A webmaster is an actual profession; the description varies, but it&#x27;s essentially someone who manages the entirety of a (small) organisation&#x27;s IT operations. A bit vague, don&#x27;t you think?</p><p>Since <i>weben</i> is also the German word for &quot;to weave&quot;, the word <i>Webmeisterin</i> could also mean a woman who excels at weaving. Which is also kind of appropriate, as textile-based handicrafts have traditionally been seen as women&#x27;s work, and these days the IT sector is very much dominated by men. I want to leave my female, queer mark on it. We shouldn&#x27;t be striving for #diversity for the sake of diversity, but be ready to embrace all the ways in which different kinds of people  with varying experiences can enrich tech.</p><p></p>\"}", "approved_go_live_at": null}}, {"model": "wagtailcore.pagerevision", "pk": 119, "fields": {"page": 3, "submitted_for_moderation": false, "created_at": "2019-11-09T11:44:31.520Z", "user": 1, "content_json": "{\"pk\": 3, \"path\": \"00010001\", \"depth\": 2, \"numchild\": 5, \"title\": \"die Webmeisterin\", \"draft_title\": \"die Webmeisterin\", \"slug\": \"home\", \"content_type\": 2, \"live\": true, \"has_unpublished_changes\": false, \"url_path\": \"/home/\", \"owner\": null, \"seo_title\": \"\", \"show_in_menus\": false, \"search_description\": \"\", \"go_live_at\": null, \"expire_at\": null, \"expired\": false, \"locked\": false, \"first_published_at\": \"2019-10-16T20:54:08.549Z\", \"last_published_at\": \"2019-11-09T11:43:30.363Z\", \"latest_revision_created_at\": \"2019-11-09T11:43:30.006Z\", \"live_revision\": 118, \"body\": \"<p>My name&#x27;s Rosamund and I live in Berlin, Germany. I&#x27;m a recovering professional words person (translation, copywriting, journalism, editing) on the way to becoming a professional code person.</p><p>This blog is where you can follow my journey and find out why this isn&#x27;t as much of a career U-turn as you might imagine.</p><h2>A note on the blog name:</h2><p><i>Webmeisterin</i> is a German approximation of &quot;webmistress&quot;, which in turn is a feminised version of &quot;webmaster&quot;. A webmaster is an actual profession; the description varies, but it&#x27;s essentially someone who manages the entirety of a (small) organisation&#x27;s IT operations. A bit vague, don&#x27;t you think?</p><p>Since <i>weben</i> is also the German word for &quot;to weave&quot;, the word <i>Webmeisterin</i> could also mean a woman who excels at weaving. Which is also kind of appropriate, as textile-based handicrafts have traditionally been seen as women&#x27;s work, and these days the IT sector is very much dominated by men. I want to leave my female, queer mark on it. We shouldn&#x27;t be striving for diversity for the sake of #diversity, but be ready to embrace all the ways in which different kinds of people with varying experiences can enrich tech.</p><p></p>\"}", "approved_go_live_at": null}}, {"model": "wagtailcore.pagerevision", "pk": 120, "fields": {"page": 3, "submitted_for_moderation": false, "created_at": "2019-11-09T11:44:43.543Z", "user": 1, "content_json": "{\"pk\": 3, \"path\": \"00010001\", \"depth\": 2, \"numchild\": 5, \"title\": \"die Webmeisterin\", \"draft_title\": \"die Webmeisterin\", \"slug\": \"home\", \"content_type\": 2, \"live\": true, \"has_unpublished_changes\": false, \"url_path\": \"/home/\", \"owner\": null, \"seo_title\": \"\", \"show_in_menus\": false, \"search_description\": \"\", \"go_live_at\": null, \"expire_at\": null, \"expired\": false, \"locked\": false, \"first_published_at\": \"2019-10-16T20:54:08.549Z\", \"last_published_at\": \"2019-11-09T11:44:32.662Z\", \"latest_revision_created_at\": \"2019-11-09T11:44:31.520Z\", \"live_revision\": 119, \"body\": \"<p>My name&#x27;s Rosamund and I live in Berlin, Germany. I&#x27;m a recovering professional words person (translation, copywriting, journalism, editing) on the way to becoming a professional code person.</p><p>This blog is where you can follow my journey and find out why this isn&#x27;t as much of a career U-turn as you might imagine.</p><h2>A note on the blog name:</h2><p><i>Webmeisterin</i> is a German approximation of &quot;webmistress&quot;, which in turn is a feminised version of &quot;webmaster&quot;. A webmaster is an actual profession; the description varies, but it&#x27;s essentially someone who manages the entirety of a (small) organisation&#x27;s IT operations. A bit vague, don&#x27;t you think?</p><p>Since <i>weben</i> is also the German word for &quot;to weave&quot;, the word <i>Webmeisterin</i> could also mean a woman who excels at weaving. Which is also kind of appropriate, as textile-based handicrafts have traditionally been seen as women&#x27;s work, and these days the IT sector is very much dominated by men. I want to leave my female, queer mark on it. We shouldn&#x27;t be striving for diversity for the sake of #diversity, but instead be ready to embrace all the ways in which different kinds of people with varying experiences can enrich tech.</p><p></p>\"}", "approved_go_live_at": null}}, {"model": "wagtailcore.pagerevision", "pk": 121, "fields": {"page": 3, "submitted_for_moderation": false, "created_at": "2019-11-09T11:47:28.474Z", "user": 1, "content_json": "{\"pk\": 3, \"path\": \"00010001\", \"depth\": 2, \"numchild\": 5, \"title\": \"die Webmeisterin\", \"draft_title\": \"die Webmeisterin\", \"slug\": \"home\", \"content_type\": 2, \"live\": true, \"has_unpublished_changes\": false, \"url_path\": \"/home/\", \"owner\": null, \"seo_title\": \"\", \"show_in_menus\": false, \"search_description\": \"\", \"go_live_at\": null, \"expire_at\": null, \"expired\": false, \"locked\": false, \"first_published_at\": \"2019-10-16T20:54:08.549Z\", \"last_published_at\": \"2019-11-09T11:44:43.677Z\", \"latest_revision_created_at\": \"2019-11-09T11:44:43.543Z\", \"live_revision\": 120, \"body\": \"<p>My name&#x27;s Rosamund and I live in Berlin, Germany. I&#x27;m a recovering professional words person (translation, copywriting, journalism, editing) on the way to becoming a professional code person.</p><p>This blog is where you can follow my journey and find out why this isn&#x27;t as much of a career U-turn as you might imagine.</p><h2>A note on the blog name:</h2><p><i>Webmeisterin</i> is a German approximation of &quot;webmistress&quot;, which in turn is a feminised version of &quot;webmaster&quot;. A webmaster is an actual profession; the description varies, but it&#x27;s essentially someone who manages the entirety of a (small) organisation&#x27;s IT operations. A bit vague, don&#x27;t you think?</p><p>Since <i>weben</i> is also the German word for &quot;to weave&quot;, the word <i>Webmeisterin</i> could also mean a woman who excels at weaving. Which is also kind of appropriate, as textile-based handicrafts have traditionally been seen as women&#x27;s work, and these days the IT sector is very much dominated by men. I want to leave my female, queer mark on it. We shouldn&#x27;t be striving for diversity for the sake of #diversity, but instead be truly welcoming and ready to embrace all the ways in which the variety of human life can enrich tech.</p><p></p>\"}", "approved_go_live_at": null}}, {"model": "wagtailcore.pagerevision", "pk": 122, "fields": {"page": 3, "submitted_for_moderation": false, "created_at": "2019-11-14T11:16:32.634Z", "user": 1, "content_json": "{\"pk\": 3, \"path\": \"00010001\", \"depth\": 2, \"numchild\": 5, \"title\": \"rosamund's blog\", \"draft_title\": \"die Webmeisterin\", \"slug\": \"home\", \"content_type\": 2, \"live\": true, \"has_unpublished_changes\": false, \"url_path\": \"/home/\", \"owner\": null, \"seo_title\": \"\", \"show_in_menus\": false, \"search_description\": \"\", \"go_live_at\": null, \"expire_at\": null, \"expired\": false, \"locked\": false, \"first_published_at\": \"2019-10-16T20:54:08.549Z\", \"last_published_at\": \"2019-11-09T11:47:28.554Z\", \"latest_revision_created_at\": \"2019-11-09T11:47:28.474Z\", \"live_revision\": 121, \"body\": \"<p>Lorem ipsum dolor sit amet, consetetur sadipscing elitr, sed diam nonumy eirmod tempor invidunt ut labore et dolore magna aliquyam erat, sed diam voluptua. At vero eos et accusam et justo duo dolores et ea rebum. Stet clita kasd gubergren, no sea takimata sanctus est Lorem ipsum dolor sit amet. Lorem ipsum dolor sit amet, consetetur sadipscing elitr, sed diam nonumy eirmod tempor invidunt ut labore et dolore magna aliquyam erat, sed diam voluptua. At vero eos et accusam et justo duo dolores et ea rebum. Stet clita kasd gubergren, no sea takimata sanctus est Lorem ipsum dolor sit amet.</p>\"}", "approved_go_live_at": null}}, {"model": "wagtailcore.pagerevision", "pk": 123, "fields": {"page": 15, "submitted_for_moderation": false, "created_at": "2019-11-14T11:24:41.732Z", "user": 1, "content_json": "{\"pk\": 15, \"path\": \"000100010003\", \"depth\": 3, \"numchild\": 0, \"title\": \"About\", \"draft_title\": \"About\", \"slug\": \"about\", \"content_type\": 34, \"live\": false, \"has_unpublished_changes\": true, \"url_path\": \"/home/about/\", \"owner\": 1, \"seo_title\": \"\", \"show_in_menus\": false, \"search_description\": \"\", \"go_live_at\": null, \"expire_at\": null, \"expired\": false, \"locked\": false, \"first_published_at\": \"2019-10-31T10:48:16.825Z\", \"last_published_at\": \"2019-11-02T18:45:07.586Z\", \"latest_revision_created_at\": \"2019-11-03T12:33:36.741Z\", \"live_revision\": 95, \"body\": \"<p>Lorem ipsum dolor sit amet, consetetur sadipscing elitr, sed diam nonumy eirmod tempor invidunt ut labore et dolore magna aliquyam erat, sed diam voluptua. At vero eos et accusam et justo duo dolores et ea rebum. Stet clita kasd gubergren, no sea takimata sanctus est Lorem ipsum dolor sit amet. Lorem ipsum dolor sit amet, consetetur sadipscing elitr, sed diam nonumy eirmod tempor invidunt ut labore et dolore magna aliquyam erat, sed diam voluptua. At vero eos et accusam et justo duo dolores et ea rebum. Stet clita kasd gubergren, no sea takimata sanctus est Lorem ipsum dolor sit amet.</p>\"}", "approved_go_live_at": null}}, {"model": "wagtailcore.pagerevision", "pk": 124, "fields": {"page": 23, "submitted_for_moderation": false, "created_at": "2019-11-14T11:25:03.620Z", "user": 1, "content_json": "{\"pk\": 23, \"path\": \"000100010004\", \"depth\": 3, \"numchild\": 0, \"title\": \"Contact\", \"draft_title\": \"Contact\", \"slug\": \"contact\", \"content_type\": 34, \"live\": false, \"has_unpublished_changes\": true, \"url_path\": \"/home/contact/\", \"owner\": 1, \"seo_title\": \"\", \"show_in_menus\": false, \"search_description\": \"\", \"go_live_at\": null, \"expire_at\": null, \"expired\": false, \"locked\": false, \"first_published_at\": \"2019-11-02T18:37:52.963Z\", \"last_published_at\": \"2019-11-02T18:37:52.963Z\", \"latest_revision_created_at\": \"2019-11-02T18:40:40.893Z\", \"live_revision\": 91, \"body\": \"<p>Lorem ipsum dolor sit amet, consetetur sadipscing elitr, sed diam nonumy eirmod tempor invidunt ut labore et dolore magna aliquyam erat, sed diam voluptua. At vero eos et accusam et justo duo dolores et ea rebum. Stet clita kasd gubergren, no sea takimata sanctus est Lorem ipsum dolor sit amet. Lorem ipsum dolor sit amet, consetetur sadipscing elitr, sed diam nonumy eirmod tempor invidunt ut labore et dolore magna aliquyam erat, sed diam voluptua. At vero eos et accusam et justo duo dolores et ea rebum. Stet clita kasd gubergren, no sea takimata sanctus est Lorem ipsum dolor sit amet.</p>\"}", "approved_go_live_at": null}}, {"model": "wagtailcore.pagerevision", "pk": 125, "fields": {"page": 24, "submitted_for_moderation": false, "created_at": "2019-11-14T11:25:16.412Z", "user": 1, "content_json": "{\"pk\": 24, \"path\": \"000100010005\", \"depth\": 3, \"numchild\": 0, \"title\": \"Legal\", \"draft_title\": \"Legal\", \"slug\": \"legal\", \"content_type\": 34, \"live\": false, \"has_unpublished_changes\": true, \"url_path\": \"/home/legal/\", \"owner\": 1, \"seo_title\": \"\", \"show_in_menus\": false, \"search_description\": \"\", \"go_live_at\": null, \"expire_at\": null, \"expired\": false, \"locked\": false, \"first_published_at\": \"2019-11-02T18:42:24.131Z\", \"last_published_at\": \"2019-11-02T18:42:24.131Z\", \"latest_revision_created_at\": \"2019-11-03T18:26:39.976Z\", \"live_revision\": 93, \"body\": \"<p>Lorem ipsum dolor sit amet, consetetur sadipscing elitr, sed diam nonumy eirmod tempor invidunt ut labore et dolore magna aliquyam erat, sed diam voluptua. At vero eos et accusam et justo duo dolores et ea rebum. Stet clita kasd gubergren, no sea takimata sanctus est Lorem ipsum dolor sit amet. Lorem ipsum dolor sit amet, consetetur sadipscing elitr, sed diam nonumy eirmod tempor invidunt ut labore et dolore magna aliquyam erat, sed diam voluptua. At vero eos et accusam et justo duo dolores et ea rebum. Stet clita kasd gubergren, no sea takimata sanctus est Lorem ipsum dolor sit amet.</p>\"}", "approved_go_live_at": null}}, {"model": "wagtailcore.pagerevision", "pk": 126, "fields": {"page": 10, "submitted_for_moderation": false, "created_at": "2019-11-14T11:36:36.799Z", "user": 1, "content_json": "{\"pk\": 10, \"path\": \"0001000100010004\", \"depth\": 4, \"numchild\": 0, \"title\": \"Hello, world!\", \"draft_title\": \"Hello, world!\", \"slug\": \"hello-world\", \"content_type\": 29, \"live\": true, \"has_unpublished_changes\": false, \"url_path\": \"/home/blog/hello-world/\", \"owner\": 1, \"seo_title\": \"\", \"show_in_menus\": false, \"search_description\": \"\", \"go_live_at\": null, \"expire_at\": null, \"expired\": false, \"locked\": false, \"first_published_at\": \"2019-10-24T08:16:23.475Z\", \"last_published_at\": \"2019-11-02T14:24:34.708Z\", \"latest_revision_created_at\": \"2019-11-02T14:24:34.672Z\", \"live_revision\": 73, \"date\": \"2019-10-24\", \"body\": \"<p>Lorem ipsum dolor sit amet, consetetur sadipscing elitr, sed diam nonumy eirmod tempor invidunt ut labore et dolore magna aliquyam erat, sed diam voluptua. At vero eos et accusam et justo duo dolores et ea rebum. Stet clita kasd gubergren, no sea takimata sanctus est Lorem ipsum dolor sit amet.</p>\", \"tagged_items\": [{\"pk\": null, \"tag\": 1, \"content_object\": 10}], \"gallery_images\": [], \"categories\": []}", "approved_go_live_at": null}}, {"model": "wagtailcore.page", "pk": 1, "fields": {"path": "0001", "depth": 1, "numchild": 1, "title": "Root", "draft_title": "Root", "slug": "root", "content_type": 1, "live": true, "has_unpublished_changes": false, "url_path": "/", "owner": null, "seo_title": "", "show_in_menus": false, "search_description": "", "go_live_at": null, "expire_at": null, "expired": false, "locked": false, "first_published_at": null, "last_published_at": null, "latest_revision_created_at": null, "live_revision": null}}, {"model": "wagtailcore.page", "pk": 3, "fields": {"path": "00010001", "depth": 2, "numchild": 5, "title": "rosamund's blog", "draft_title": "rosamund's blog", "slug": "home", "content_type": 2, "live": true, "has_unpublished_changes": false, "url_path": "/home/", "owner": null, "seo_title": "", "show_in_menus": false, "search_description": "", "go_live_at": null, "expire_at": null, "expired": false, "locked": false, "first_published_at": "2019-10-16T20:54:08.549Z", "last_published_at": "2019-11-14T11:16:34.138Z", "latest_revision_created_at": "2019-11-14T11:16:32.634Z", "live_revision": 122}}, {"model": "wagtailcore.page", "pk": 4, "fields": {"path": "000100010001", "depth": 3, "numchild": 3, "title": "Blog", "draft_title": "Blog", "slug": "blog", "content_type": 28, "live": true, "has_unpublished_changes": false, "url_path": "/home/blog/", "owner": 1, "seo_title": "", "show_in_menus": false, "search_description": "", "go_live_at": null, "expire_at": null, "expired": false, "locked": false, "first_published_at": "2019-10-16T21:38:22.587Z", "last_published_at": "2019-10-16T21:38:22.587Z", "latest_revision_created_at": "2019-10-16T21:38:22.543Z", "live_revision": 2}}, {"model": "wagtailcore.page", "pk": 10, "fields": {"path": "0001000100010004", "depth": 4, "numchild": 0, "title": "Hello, world!", "draft_title": "Hello, world!", "slug": "hello-world", "content_type": 29, "live": true, "has_unpublished_changes": false, "url_path": "/home/blog/hello-world/", "owner": 1, "seo_title": "", "show_in_menus": false, "search_description": "", "go_live_at": null, "expire_at": null, "expired": false, "locked": false, "first_published_at": "2019-10-24T08:16:23.475Z", "last_published_at": "2019-11-14T11:36:44.762Z", "latest_revision_created_at": "2019-11-14T11:36:36.799Z", "live_revision": 126}}, {"model": "wagtailcore.page", "pk": 12, "fields": {"path": "000100010002", "depth": 3, "numchild": 0, "title": "Tags", "draft_title": "Tags", "slug": "tags", "content_type": 32, "live": true, "has_unpublished_changes": false, "url_path": "/home/tags/", "owner": 1, "seo_title": "", "show_in_menus": false, "search_description": "", "go_live_at": null, "expire_at": null, "expired": false, "locked": false, "first_published_at": "2019-10-24T12:17:09.331Z", "last_published_at": "2019-10-24T12:17:09.331Z", "latest_revision_created_at": "2019-10-24T12:17:09.270Z", "live_revision": 23}}, {"model": "wagtailcore.page", "pk": 13, "fields": {"path": "0001000100010006", "depth": 4, "numchild": 0, "title": "Second post", "draft_title": "Second post", "slug": "second-post", "content_type": 29, "live": true, "has_unpublished_changes": false, "url_path": "/home/blog/second-post/", "owner": 1, "seo_title": "", "show_in_menus": false, "search_description": "", "go_live_at": null, "expire_at": null, "expired": false, "locked": false, "first_published_at": "2019-10-25T18:10:42.577Z", "last_published_at": "2019-10-25T18:10:42.577Z", "latest_revision_created_at": "2019-10-25T18:10:42.403Z", "live_revision": 24}}, {"model": "wagtailcore.page", "pk": 14, "fields": {"path": "0001000100010007", "depth": 4, "numchild": 0, "title": "Third post", "draft_title": "Third post", "slug": "third-post", "content_type": 29, "live": true, "has_unpublished_changes": false, "url_path": "/home/blog/third-post/", "owner": 1, "seo_title": "", "show_in_menus": false, "search_description": "", "go_live_at": null, "expire_at": null, "expired": false, "locked": false, "first_published_at": "2019-10-25T18:11:20.177Z", "last_published_at": "2019-10-26T15:04:36.361Z", "latest_revision_created_at": "2019-10-26T15:04:36.183Z", "live_revision": 28}}, {"model": "wagtailcore.page", "pk": 15, "fields": {"path": "000100010003", "depth": 3, "numchild": 0, "title": "About", "draft_title": "About", "slug": "about", "content_type": 34, "live": true, "has_unpublished_changes": false, "url_path": "/home/about/", "owner": 1, "seo_title": "", "show_in_menus": false, "search_description": "", "go_live_at": null, "expire_at": null, "expired": false, "locked": false, "first_published_at": "2019-10-31T10:48:16.825Z", "last_published_at": "2019-11-14T11:24:42.979Z", "latest_revision_created_at": "2019-11-14T11:24:41.732Z", "live_revision": 123}}, {"model": "wagtailcore.page", "pk": 23, "fields": {"path": "000100010004", "depth": 3, "numchild": 0, "title": "Contact", "draft_title": "Contact", "slug": "contact", "content_type": 34, "live": true, "has_unpublished_changes": false, "url_path": "/home/contact/", "owner": 1, "seo_title": "", "show_in_menus": false, "search_description": "", "go_live_at": null, "expire_at": null, "expired": false, "locked": false, "first_published_at": "2019-11-02T18:37:52.963Z", "last_published_at": "2019-11-14T11:25:03.647Z", "latest_revision_created_at": "2019-11-14T11:25:03.620Z", "live_revision": 124}}, {"model": "wagtailcore.page", "pk": 24, "fields": {"path": "000100010005", "depth": 3, "numchild": 0, "title": "Legal", "draft_title": "Legal", "slug": "legal", "content_type": 34, "live": true, "has_unpublished_changes": false, "url_path": "/home/legal/", "owner": 1, "seo_title": "", "show_in_menus": false, "search_description": "", "go_live_at": null, "expire_at": null, "expired": false, "locked": false, "first_published_at": "2019-11-02T18:42:24.131Z", "last_published_at": "2019-11-14T11:25:16.474Z", "latest_revision_created_at": "2019-11-14T11:25:16.412Z", "live_revision": 125}}, {"model": "wagtailimages.image", "pk": 3, "fields": {"collection": 1, "title": "Python Anywhere default page", "file": "original_images/Bildschirmfoto_2019-11-03_um_19.39.58.png", "width": 663, "height": 148, "created_at": "2019-11-03T18:49:25.197Z", "uploaded_by_user": 1, "focal_point_x": null, "focal_point_y": null, "focal_point_width": null, "focal_point_height": null, "file_size": 28415, "file_hash": "d0800273e1ffd8da1921ae17122ba9a59dcca2b7"}}, {"model": "wagtailusers.userprofile", "pk": 1, "fields": {"user": 1, "submitted_notifications": true, "approved_notifications": true, "rejected_notifications": true, "preferred_language": "en", "current_time_zone": "Europe/Berlin", "avatar": "avatar_images/avatar_b92cb9a1-99b4-49c4-94e2-d281c454e569_Rosamund_Mather.jpg"}}, {"model": "home.homepage", "pk": 3, "fields": {"body": "<p>Lorem ipsum dolor sit amet, consetetur sadipscing elitr, sed diam nonumy eirmod tempor invidunt ut labore et dolore magna aliquyam erat, sed diam voluptua. At vero eos et accusam et justo duo dolores et ea rebum. Stet clita kasd gubergren, no sea takimata sanctus est Lorem ipsum dolor sit amet. Lorem ipsum dolor sit amet, consetetur sadipscing elitr, sed diam nonumy eirmod tempor invidunt ut labore et dolore magna aliquyam erat, sed diam voluptua. At vero eos et accusam et justo duo dolores et ea rebum. Stet clita kasd gubergren, no sea takimata sanctus est Lorem ipsum dolor sit amet.</p>"}}]